track_name,artist(s)_name,artist_count,in_spotify_playlists,in_spotify_charts,streams,in_apple_playlists,in_apple_charts,in_deezer_playlists,in_deezer_charts,danceability_%,valence_%,energy_%,acousticness_%,instrumentalness_%,liveness_%,speechiness_%,release_date
"\"Apna Bana Le (From \"\"Bhediya\"\")\"","Arijit Singh, Sachin-Jigar",2,86,0,139836056,11,101,0,0,59,44,56,80,0,6,3,2022-11-05
"\"Besharam Rang (From \"\"Pathaan\"\")\"","Vishal-Shekhar, Shilpa Rao, Caralisa Monteiro, Kumaar, Vishal Dadlani, Shekhar Ravjiani",6,130,4,140187018,21,79,2,0,77,65,80,6,0,15,4,2022-12-12
"\"Come Back Home - From \"\"Purple Hearts\"\"\"",Sofia Carson,1,367,0,97610446,28,67,195,0,56,43,53,24,0,12,4,2022-07-12
"\"I'm Tired - From \"\"Euphoria\"\" An Original HBO Series\"",Labrinth,1,1888,0,121913181,26,1,58,0,28,26,20,19,0,30,3,2022-02-04
"\"Kesariya (From \"\"Brahmastra\"\")\"","Pritam, Arijit Singh, Amitabh Bhattacharya",3,292,6,366599607,26,98,4,0,58,44,57,57,0,10,3,2022-07-17
"\"Nobody Like U - From \"\"Turning Red\"\"\"","Jordan Fisher, Josh Levi, Finneas O'Connell, 4*TOWN (From Disney and Pixar���s Turning Red), Topher Ngo, Grayson Vill",6,918,0,120847157,34,39,30,0,91,73,72,13,0,9,15,2022-02-25
"\"Phir Aur Kya Chahiye (From \"\"Zara Hatke Zara Bachke\"\")\"","Arijit Singh, Sachin-Jigar, Amitabha Bhattacharya",3,178,6,64533040,6,71,1,0,56,53,55,53,0,12,4,2023-05-15
"\"Tere Vaaste (From \"\"Zara Hatke Zara Bachke\"\")\"","Sachin-Jigar, Shadab Faridi, Altamash Faridi, Amitabh Bhattacharya, Varun Jain",5,182,8,54225632,3,88,1,0,76,96,72,32,0,9,4,2023-05-22
"\"What Was I Made For? [From The Motion Picture \"\"Barbie\"\"]\"",Billie Eilish,1,873,104,30546883,80,227,95,24,44,14,9,96,0,10,3,2023-07-13
'Till I Collapse,"Eminem, Nate Dogg",2,22923,0,1695712020,78,46,,1,55,10,85,7,0,8,20,2002-05-26
(It Goes Like) Nanana - Edit,Peggy Gou,1,2259,59,57876440,0,0,109,17,67,96,88,12,19,8,4,2023-06-15
10 Things I Hate About You,Leah Kate,1,1301,0,185550869,23,1,15,0,54,45,79,1,0,17,5,2022-03-23
10:35,"Ti��sto, Tate M",2,4942,26,325592432,190,104,147,18,70,70,79,7,0,18,10,2022-11-01
2 Be Loved (Am I Ready),Lizzo,1,3682,6,247689123,41,0,158,2,72,92,77,9,0,8,11,2022-07-14
2055,Sleepy hallow,1,2226,0,624515457,29,0,44,0,78,65,52,46,0,12,31,2021-04-14
212,"Mainstreet, Chefin",2,352,0,143139338,10,0,39,0,79,86,52,66,0,9,7,2022-01-15
25k jacket (feat. Lil Baby),"Gunna, Lil Baby",2,620,0,54937991,17,3,3,0,90,74,54,16,0,13,28,2022-01-07
295,Sidhu Moose Wala,1,246,4,183273246,4,106,0,0,68,54,76,21,0,11,20,2021-05-15
505,Arctic Monkeys,1,13985,25,1217120710,30,80,588,1,52,20,85,0,0,7,5,2007-04-20
69,"Nicky Jam, Feid",2,1134,22,57945987,39,14,48,2,79,58,62,11,0,11,23,2023-05-18
A Holly Jolly Christmas - Single Version,Burl Ives,1,7930,0,395591396,108,120,73,0,67,81,36,64,0,15,3,1952-01-01
A Tale By Quincy,The Weeknd,1,733,0,41924466,0,2,2,0,46,55,50,71,0,10,11,2022-01-07
A Tu Merced,Bad Bunny,1,4214,11,685071800,21,20,40,0,86,89,79,17,0,11,6,2020-02-29
A Veces (feat. Feid),"Feid, Paulo Londra",2,573,0,73513683,2,0,7,0,80,81,67,4,0,8,6,2022-11-03
ALIEN SUPERSTAR,Beyonc�,1,2688,0,171788484,39,47,36,0,55,46,64,0,0,17,10,2022-07-29
AM Remix,"J Balvin, Nio Garcia, Bad Bunny",3,6556,0,528544703,93,5,67,1,74,79,66,11,0,8,16,2021-06-24
AMARGURA,Karol G,1,1133,39,153372011,14,71,23,10,92,55,70,18,0,15,7,2023-02-24
AMERICA HAS A PROBLEM (feat. Kendrick Lamar),"Kendrick Lamar, Beyonc�",2,896,0,57089066,34,2,33,0,78,20,70,1,0,16,4,2023-05-19
AMG,"Natanael Cano, Gabito Ballesteros, Peso Pluma",3,995,19,463564958,12,117,9,5,77,79,73,15,0,27,10,2022-11-24
ANTIFRAGILE,LE SSERAFIM,1,761,12,301051721,23,95,11,0,88,82,80,8,0,11,8,2022-10-17
Abcdario,"Junior H, Eden Mu��",2,262,5,89933133,8,60,4,1,70,42,43,78,0,11,3,2023-05-13
About Damn Time,Lizzo,1,2332,2,723894473,0,0,25,0,84,72,74,10,0,34,7,2022-07-15
Acapulco,Jason Derulo,1,3098,0,363467642,111,5,182,1,77,51,79,5,0,16,5,2021-09-01
Acr��s,Shakira,1,955,29,123124076,37,50,79,11,75,35,48,84,0,10,12,2023-05-11
Adore You,Harry Styles,1,13454,1,1439191367,246,71,519,2,68,57,77,2,0,10,5,2019-12-06
Afraid To Feel,LF System,1,5898,5,244790012,129,55,128,0,58,68,91,2,0,27,11,2022-05-02
After Dark,Mr.Kitty,1,1776,14,646886885,1,9,3,0,58,4,60,7,41,8,3,2014-08-08
After Hours,The Weeknd,1,8084,6,698086140,45,115,218,1,66,16,57,10,1,12,3,2020-02-19
After LIKE,IVE,1,767,12,265548837,20,129,11,0,68,80,92,10,0,9,12,2022-08-22
Agosto,Bad Bunny,1,897,0,246127838,6,20,8,0,85,72,58,9,0,49,12,2022-05-06
Aguacero,Bad Bunny,1,829,0,283359161,4,15,10,0,86,67,65,42,0,35,7,2022-05-06
Agudo M��gi,"Styrx, utku INC, Thezth",3,323,0,90598517,4,0,14,0,65,49,80,22,4,7,5,1930-01-01
Ai Preto,"L7nnon, DJ Biel do Furduncinho, Bianca",3,894,4,176103902,28,0,54,0,95,83,57,54,0,10,25,2022-06-03
Ain't Shit,Doja Cat,1,3436,0,499710590,32,6,46,0,86,62,49,51,0,35,21,2021-06-25
Ain���t Tha,Morgan Wallen,1,356,4,88791109,4,20,0,0,64,67,80,0,0,36,3,2023-03-03
Alien Blues,Vundabar,1,1930,0,370068639,3,0,28,0,47,44,76,8,91,9,3,2015-07-24
All For Us - from the HBO Original Series Euphoria,"Labrinth, Zendaya",2,5342,0,426204830,33,123,7,0,37,17,67,2,0,34,9,2019-08-04
All I Want for Christmas Is You,Mariah Carey,1,25653,0,1449779435,387,132,,0,34,33,63,16,0,7,4,1994-10-28
All My Life (feat. J. Cole),"J. Cole, Lil Durk",2,2175,23,144565150,69,145,69,2,83,69,44,15,0,10,33,2023-05-12
All Of The Girls You Loved Before,Taylor Swift,1,1282,6,185240616,26,6,19,0,72,40,47,71,0,13,4,2019-08-23
"All The Way Live (Spider-Man: Across the Spider-Verse) (Metro Boomin & Future, Lil Uzi Vert)","Future, Lil Uzi Vert, Metro Boomin",3,259,0,37126685,5,17,5,0,77,28,55,18,0,22,15,2023-06-02
All Too Well (10 Minute Version) (Taylor's Version) (From The Vault),Taylor Swift,1,4635,5,583687007,50,49,30,1,63,21,52,28,0,9,3,2021-11-12
All of Me,John Legend,1,27221,0,2086124197,308,118,,2,42,33,26,92,0,13,3,2013-08-01
Alone,Burna Boy,1,782,2,96007391,27,18,32,1,61,32,67,15,0,11,5,2022-11-04
"Am I Dreaming (Metro Boomin & A$AP Rocky, Roisee)","A$AP Rocky, Metro Boomin, Roisee",3,727,16,94186466,17,60,28,1,60,13,53,4,0,21,4,2023-06-02
Andrea,"Buscabulla, Bad Bunny",2,1195,0,344055883,8,30,13,1,80,45,62,76,0,10,38,2022-05-06
Angel Baby,Troye Sivan,1,1959,9,408843328,52,25,32,0,56,41,57,1,0,13,3,2021-09-09
"Angel Pt 1 (feat. Jimin of BTS, JVKE & Muni Long)","Kodak Black, NLE Choppa, Muni Long, JVKE, Jimin",5,577,14,133753727,22,18,15,1,53,24,67,11,0,10,28,2023-05-01
Angels Like You,Miley Cyrus,1,3372,19,570515054,65,48,138,1,67,49,64,10,0,10,3,2020-11-27
"Annihilate (Spider-Man: Across the Spider-Verse) (Metro Boomin & Swae Lee, Lil Wayne, Offset)","Swae Lee, Lil Wayne, Offset, Metro Boomin",4,551,4,86773632,13,46,20,1,61,20,48,21,0,12,6,2023-06-02
Another Love,Tom Odell,1,18371,83,1813673666,250,122,,19,45,13,54,70,0,9,4,2012-10-15
Antes de Perderte,Duki,1,584,8,157136970,12,1,8,0,81,61,93,49,0,12,11,2022-06-02
Anti-Hero,Taylor Swift,1,9082,56,999748277,242,142,165,9,64,51,63,12,0,19,5,2022-10-21
Antidepresan,"Mabel Matiz, Mert Demir",2,313,2,136689549,10,6,7,1,70,92,59,3,0,10,3,2022-11-04
Apocalypse,Cigarettes After Sex,1,13091,17,841749534,61,96,790,2,37,17,47,2,46,11,3,2017-03-21
Arcade,Duncan Laurence,1,6646,0,991336132,107,47,584,1,45,27,33,82,0,14,4,2019-03-07
"Arc��ngel: Bzrp Music Sessions, Vol","Arcangel, Bizarrap",2,654,3,100409613,11,3,18,1,72,79,78,55,0,15,30,2023-03-22
Area Codes,"Kaliii, Kaliii",2,1197,13,113509496,44,34,25,1,82,51,39,2,0,9,49,2023-03-17
As It Was,Harry Styles,1,23575,130,,403,198,863,46,52,66,73,34,0,31,6,2022-03-31
Astronaut In The Ocean,Masked Wolf,1,7191,0,1138474110,146,18,478,0,78,47,70,18,0,15,9,2019-01-01
Atlantis,Seafret,1,3045,6,571386359,43,53,134,1,40,23,48,5,0,12,3,2015-04-22
Attention,NewJeans,1,799,12,264717480,14,141,9,0,81,70,65,24,0,8,4,2022-08-01
Auntie Diaries,Kendrick Lamar,1,1545,0,37778188,1,0,4,0,43,60,38,76,1,48,38,2022-05-13
B.O.T.A. (Baddest Of Them All) - Edit,"Interplanetary Criminal, Eliza Rose",2,5153,6,244585109,102,53,113,12,74,71,89,24,61,15,5,2022-06-15
BABY HELLO,"Rauw Alejandro, Bizarrap",2,1004,35,54266102,42,80,58,3,77,84,89,17,0,43,5,2023-06-23
BABY OTAKU,"Fran C, Polima WestCoast, Nickoog Clk, Pablito Pesadilla",4,836,0,159240673,14,1,13,0,84,43,75,5,0,6,8,2022-08-18
BESO,"Rauw Alejandro, ROSAL�",2,4053,50,357925728,82,121,182,12,77,53,64,74,0,17,14,2023-03-24
BILLIE EILISH.,Armani White,1,2537,0,277132266,49,1,67,11,90,75,50,11,0,9,26,2022-01-20
BREAK MY SOUL,Beyonc�,1,9724,0,354614964,222,61,259,14,70,87,88,4,0,26,8,2022-06-21
Baby Don't Hurt Me,"David Guetta, Anne-Marie, Coi Leray",3,4277,66,177740666,145,111,213,11,60,23,91,0,0,12,3,2023-04-06
Back To December (Taylor's Version),Taylor Swift,1,139,17,39228929,16,72,5,0,50,20,64,1,0,12,3,2023-07-07
BackOutsideBoyz,Drake,1,1045,0,93367537,8,5,2,0,85,40,43,4,0,39,32,2022-11-04
Bad Decisions (with BTS & Snoop Dogg),"Snoop Dogg, BTS, Benny Blanco",3,1456,0,219196651,53,2,33,0,77,94,87,2,0,23,12,2022-08-05
Bad Habit,Steve Lacy,1,8186,12,822633917,155,72,131,16,69,69,51,63,0,38,4,2022-06-29
Bad Habits,Ed Sheeran,1,12755,8,1555511105,344,97,945,15,81,59,90,5,0,36,3,2020-09-03
Baile no Morro,"Mc Vitin Da Igrejinha, MC Tairon, DJ Win",3,685,2,129314708,17,0,24,0,71,78,40,46,0,7,45,2022-06-10
Bam Bam (feat. Ed Sheeran),"Camila Cabello, Ed Sheeran",2,6111,4,756907987,185,40,492,9,76,96,70,18,0,33,4,2022-03-04
Bamba (feat. Aitch & BIA),"Luciano, Aitch, B�",3,869,7,146223492,14,12,12,2,80,82,81,14,0,13,36,2022-09-22
Bar,"Tini, L-Gante",2,755,4,200972675,22,3,0,0,52,68,69,13,0,33,8,2021-11-11
Barbie World (with Aqua) [From Barbie The Album],"Nicki Minaj, Aqua, Ice Spice",3,1117,80,65156199,82,145,65,16,77,75,58,52,0,23,25,2023-06-23
Beautiful Girl,Luciano,1,710,4,160035717,16,11,18,0,84,61,42,31,0,9,9,2022-04-22
Bebe Dame,"Fuerza Regida, Grupo Frontera",2,849,22,367316268,27,129,21,7,54,75,60,30,0,7,5,2022-12-16
Before You Go,Lewis Capaldi,1,8327,24,1608045237,205,130,625,0,45,19,60,63,0,9,6,2019-11-01
Beggin,M��ne,1,8559,0,1367810478,183,64,964,9,71,59,80,13,0,36,5,2017-12-08
Bejeweled,Taylor Swift,1,2699,0,328207708,39,35,22,2,70,39,56,6,0,9,7,2022-10-21
Believer,Imagine Dragons,1,18986,23,,250,121,,10,77,74,78,4,0,23,11,2017-01-31
Belly Dancer,"BYOR, Imanbek",2,5115,13,383835984,109,38,301,1,85,42,80,6,0,17,14,2022-02-18
Besos Moja2,"Wisin & Yandel, ROSAL�",2,2460,13,309483971,53,7,56,3,74,64,73,6,0,10,6,2022-09-29
Best Friends,The Weeknd,1,1292,0,101114984,3,18,14,0,49,49,59,44,0,35,21,2022-01-07
Better Days (NEIKED x Mae Muller x Polo G),"NEIKED, Mae Muller, Polo G",3,4091,0,421040617,105,2,73,13,72,67,68,0,0,14,4,2021-09-24
Better Than Revenge (Taylor's Version),Taylor Swift,1,86,11,30343206,3,33,3,0,50,67,89,0,0,19,8,2023-07-07
Betty (Get Money),Yung Gravy,1,2402,0,221752937,45,2,26,0,73,62,75,0,0,34,8,2022-06-10
Bigger Than The Whole Sky,Taylor Swift,1,1180,0,121871870,4,0,8,0,42,7,24,83,1,12,6,2022-10-21
Bite Me,ENHYPEN,1,349,69,76767396,8,96,5,0,80,69,78,28,0,11,14,2023-05-22
Blank Space,Taylor Swift,1,11434,53,1355959075,154,123,410,2,75,57,68,9,0,13,6,2014-01-01
Blessed-Cursed,ENHYPEN,1,246,0,77337771,2,12,10,0,60,40,89,9,0,60,6,2022-01-10
Blind,SZA,1,1484,0,163284000,22,51,12,0,46,60,28,91,0,21,4,2022-12-09
Blinding Lights,The Weeknd,1,43899,69,,672,199,,20,50,38,80,0,0,9,7,2019-11-29
Bloody Mary,Lady Gaga,1,3909,0,372476382,66,26,277,3,59,49,65,2,0,13,3,2011-01-01
Bohemian Rhapsody - Remastered 2011,Queen,1,40112,3,,321,162,,8,41,23,40,27,0,30,5,1975-10-31
Bombonzinho - Ao Vivo,"Israel & Rodolffo, Ana Castela",2,1254,6,263453310,26,69,73,2,65,72,95,31,0,92,5,2022-11-03
Bones,Imagine Dragons,1,4198,44,838079900,98,108,327,17,77,65,72,2,0,7,5,2021-03-11
Bored,Billie Eilish,1,4204,0,777765388,39,45,250,0,60,11,33,90,0,8,5,2017-03-30
Born Singer,BTS,1,279,0,79095270,0,18,6,0,60,68,84,4,0,24,11,2022-06-10
Born With A Beer In My Hand,Morgan Wallen,1,203,0,34450974,5,9,0,0,53,61,81,5,0,36,4,2023-03-03
Bound 2,Kanye West,1,19806,7,703301727,33,11,274,0,37,28,66,14,0,9,5,2013-01-01
Boy With Luv (feat. Halsey),"Halsey, BTS",2,4260,0,1065580332,113,92,259,0,65,80,86,9,0,19,10,2019-04-12
Boy's a liar,PinkPantheress,1,1225,0,156338624,27,0,28,13,66,74,84,25,0,21,4,2022-11-30
Boy's a liar Pt. 2,"PinkPantheress, Ice Spice",2,5184,41,156338624,154,84,102,14,70,86,81,25,0,25,5,2023-02-03
Boyfriend,Dove Cameron,1,3766,0,496311364,76,0,102,0,35,23,61,23,0,19,6,2022-02-11
Boyfriends,Harry Styles,1,1517,0,137070925,26,2,30,0,42,32,20,94,0,11,4,2022-05-20
Brividi,"Mahmood, Blanco",2,1175,0,135079152,34,1,31,0,52,44,60,40,0,26,3,2022-02-02
Broke Boys,"Drake, 21 Savage",2,1060,0,106249219,3,8,5,0,64,11,53,1,0,25,27,2022-11-04
Bussin,"Nicki Minaj, Lil Baby",2,847,0,64714573,25,0,14,0,89,75,70,6,0,13,5,2022-02-11
Butter,BTS,1,4779,6,1143647827,180,135,223,0,79,70,36,0,0,6,11,2021-05-21
Bye,Peso Pluma,1,324,14,95053634,13,110,8,2,78,70,81,57,0,10,5,2023-05-26
Bye Bye,"Marshmello, Juice WRLD",2,766,0,84697729,16,0,9,0,65,24,53,6,0,51,4,2022-10-14
CAIRO,"Karol G, Ovy On The Drums",2,2418,26,294352144,52,66,55,1,95,43,69,47,0,9,31,2022-11-13
CHORRITO PA LAS ANIMAS,Feid,1,2321,36,345031710,29,65,34,5,74,61,83,11,0,35,6,2022-12-02
CORAZ��N VA,Maria Becerra,1,370,20,43857627,12,16,18,4,68,40,79,33,0,30,6,2023-06-22
CUFF IT,Beyonc�,1,7842,10,595900742,215,88,330,26,78,64,69,4,0,7,14,2022-07-29
Caile,Luar La L,1,1494,2,273914335,17,12,15,0,70,46,76,30,0,9,45,2020-12-18
California Breeze,Lil Baby,1,991,0,85559365,36,38,13,0,74,22,67,0,0,11,46,2022-10-14
California Love - Original Version (Explicit),"Dr. Dre, 2Pac, Roger",3,18773,0,579395142,128,17,,0,77,76,84,3,0,38,4,1995-12-28
Call Out My Name,The Weeknd,1,11087,6,1449799467,151,107,801,1,45,17,60,21,0,33,4,2018-03-29
Callaita,"Bad Bunny, Tainy",2,9539,15,1304313953,162,116,355,7,61,24,62,60,0,24,31,2019-05-31
"Calling (Spider-Man: Across the Spider-Verse) (Metro Boomin & Swae Lee, NAV, feat. A Boogie Wit da Hoodie)","Swae Lee, A Boogie Wit da Hoodie, Metro Boomin, NAV",4,1051,16,109276132,31,37,31,0,63,22,54,46,0,12,8,2023-06-02
Calm Down,R��,1,4013,10,445763624,107,44,750,22,81,82,78,38,0,12,4,2022-02-09
Calm Down (with Selena Gomez),"R��ma, Selena G",2,7112,77,899183384,202,119,318,38,80,82,80,43,0,14,4,2022-03-25
Can't Hold Us (feat. Ray Dalton),"Ray Dalton, Ryan Lewis, Macklemore",3,6074,52,1953533826,201,44,,2,63,88,93,3,0,10,8,2011-08-16
Car's Outside,James Arthur,1,794,10,265882712,38,25,61,0,34,24,56,4,0,11,3,2019-10-18
Cart��o B,"MC Caverinha, KayBlack",2,269,4,71573339,7,2,30,1,84,55,47,26,0,20,64,2023-05-11
Casei Com a Putaria,"MC Ryan SP, Love Funk, Mc Paiva ZS",3,648,4,187701588,0,0,30,0,59,62,60,12,0,5,44,2022-07-01
Cash In Cash Out,"Pharrell Williams, Tyler, The Creator, 21 Savage",4,2313,0,136676504,34,0,29,0,88,15,56,1,0,8,6,2022-06-10
"Cay�� La Noche (feat. Cruz Cafun��, Abhir Hathi, Bejo, EL IMA)","Quevedo, La Pantera, Juseph, Cruz Cafun��, B��jo, Abhir Hathi",7,1034,1,245400167,19,5,12,0,67,74,75,44,0,7,30,2022-01-14
Celestial,Ed Sheeran,1,1639,0,176474912,86,14,80,0,57,50,85,5,0,16,4,2022-09-29
Ch y la Pizza,"Fuerza Regida, Natanael Cano",2,536,10,288101651,10,72,8,3,66,85,60,40,0,14,13,2022-12-01
Chale,Eden Mu��,1,695,11,299648208,16,41,13,1,55,86,44,40,0,7,4,2022-02-18
Chance,Paulo Londra,1,225,0,89566512,11,0,7,0,72,22,46,24,0,9,6,2022-04-06
Chanel,"Becky G, Peso Pluma",2,681,10,161460990,15,92,21,2,85,53,68,40,0,9,4,2023-03-30
Chemical,Post Malone,1,2528,39,172825906,56,91,59,3,50,37,90,0,0,12,5,2023-04-14
Cheques,Shubh,1,67,8,47956378,7,10,0,0,74,36,63,26,0,27,5,2023-05-19
Christmas (Baby Please Come Home),Darlene Love,1,9122,0,242767149,121,58,212,0,34,35,76,39,0,8,5,1963-11-22
Christmas Tree,V,1,509,9,317622165,8,106,6,0,44,18,38,70,0,12,4,2021-12-24
Cigarettes,Juice WRLD,1,975,0,185408548,11,0,10,0,60,47,62,3,0,38,4,2021-12-10
Cinema,Harry Styles,1,2171,0,189236868,18,1,28,0,83,90,64,35,5,9,4,2022-05-20
Circles,Post Malone,1,19664,16,2132335812,391,73,633,3,70,59,75,24,0,9,4,2019-08-30
Circo Loco,"Drake, 21 Savage",2,1794,0,141720999,26,9,17,0,73,25,61,1,0,32,7,2022-11-04
City of Gods,"Kanye West, Alicia Keys, Fivio Foreign",3,2096,0,107255472,34,3,30,0,47,50,80,10,0,32,38,2022-02-11
Classy 101,"Feid, Young Miko",2,2610,40,335222234,43,100,54,14,86,67,66,14,0,12,16,2023-03-31
Closer,"The Chainsmokers, Halsey",2,28032,0,,315,159,,0,75,64,52,41,0,11,3,2016-05-31
Coco Chanel,"Bad Bunny, Eladio Carrion",2,1962,38,250305248,28,89,29,5,68,14,76,4,0,10,4,2023-03-17
Cold Heart - PNAU Remix,"Dua Lipa, Elton John, Pnau",3,21097,52,1605224506,384,135,,37,80,92,80,4,0,10,3,2017-11-10
Columbia,Quevedo,1,714,43,58149378,25,89,30,13,67,26,71,37,0,11,4,2023-07-07
Con La Brisa,"Ludwig Goransson, Foudeqush",2,486,0,71095708,8,1,7,0,62,25,44,51,33,14,3,2022-11-04
Conceited,SZA,1,899,0,56870689,2,14,2,0,79,77,46,5,0,11,7,2022-12-09
Conex��es de M��fia (feat. Rich,"Rich The Kid, Matu�",2,385,4,77233241,17,7,41,1,77,69,58,39,0,26,5,2023-04-30
Contection,"GODZZ__-, Zakaria",2,6955,0,1180896317,65,45,398,0,81,83,75,14,0,29,34,2020-01-16
Cool for the Summer,Demi Lovato,1,9243,0,677389855,155,5,577,0,59,30,62,1,0,8,4,2015-01-01
Cooped Up (with Roddy Ricch),"Post Malone, Roddy Ricch",2,2942,0,271666301,42,28,43,0,50,39,78,4,0,11,33,2022-05-12
Count Me Out,Kendrick Lamar,1,2729,0,126191104,3,7,13,0,78,51,43,69,0,14,9,2022-05-13
Counting Stars,OneRepublic,1,29215,43,2011464183,179,97,,11,66,48,71,6,0,12,4,2013-01-01
Crazy What Love Can Do,"David Guetta, Ella Henderson, Becky Hill",3,5290,0,286739476,139,73,142,0,60,46,71,3,0,16,4,2022-03-18
Creep,Radiohead,1,36724,7,1271293243,146,72,,5,53,12,34,1,0,12,4,1992-09-21
Creepin',"The Weeknd, 21 Savage, Metro Boomin",3,6036,88,843957510,113,149,245,23,71,17,61,36,0,8,5,2022-12-02
Crown,Kendrick Lamar,1,1493,0,42485571,2,0,10,0,37,14,24,80,0,11,4,2022-05-13
Cruel Summer,Taylor Swift,1,7858,100,800840817,116,207,125,12,55,58,72,11,0,11,15,2019-08-23
Cupid,Fifty Fifty,1,526,10,139681964,15,93,30,0,77,94,66,65,0,38,3,2023-02-24
Cupid - Twin Ver.,Fifty Fifty,1,2942,77,496795686,91,212,78,6,78,76,59,43,0,34,3,2023-02-24
Cupid ��� Twin Ver. (FIFTY FIFTY) ��� Spe,sped up 8282,1,472,2,103762518,0,0,6,0,74,75,73,42,0,9,4,1997-01-01
Cupido,Tini,1,1240,24,217672943,51,29,63,4,91,63,58,52,0,31,22,2023-02-14
Curtains,Ed Sheeran,1,715,0,39893489,37,3,27,0,50,44,76,10,0,32,5,2023-05-05
C��,Rauw Alejandro,1,2636,3,465959382,36,82,39,0,77,26,63,58,0,11,5,2021-06-25
DANCE CRIP,Trueno,1,731,0,198883004,14,14,24,0,86,86,79,11,0,8,9,2021-11-17
DAN��A,"Mc Pedrinho, Pedro Sampaio",2,911,2,208166039,45,0,99,1,78,55,57,4,0,10,8,2022-02-01
DARARI,Treasure,1,328,0,182978249,10,21,7,0,72,55,64,49,0,7,4,2022-02-15
DESPECH�,ROSAL�,1,7613,33,782369383,180,90,422,15,92,78,62,18,0,6,10,2022-07-28
DOGTOOTH,"Tyler, The Creator",2,1479,0,80758350,23,0,18,0,71,80,65,51,0,22,32,2023-03-27
Daddy Issues,The Neighbourhood,1,9771,4,1127468248,42,70,384,0,59,33,52,7,15,12,3,2015-10-30
Dakiti,"Bad Bunny, Jhay Cortez",2,11215,21,1763363713,189,166,525,9,73,14,57,40,0,11,5,2020-10-30
Dance Monkey,Tones and I,1,24529,0,,533,167,,6,82,54,59,69,0,18,10,2019-05-10
Dance The Night (From Barbie The Album),Dua Lipa,1,2988,101,127408954,0,0,143,38,67,78,85,2,0,33,5,2023-05-25
Dandelions,Ruth B.,1,3423,21,1116995633,41,100,59,1,61,45,69,2,0,9,3,2017-04-28
Danger (Spider) (Offset & JID),"Offset, JID",2,214,0,24975653,3,3,6,0,83,25,69,4,0,23,12,2023-06-02
Danza Kuduro,"Don Omar, Lucenzo",2,17138,37,1279434863,119,81,974,1,47,86,92,8,0,5,24,2010-01-01
Dark Red,Steve Lacy,1,10431,7,920045682,71,53,181,0,60,77,78,45,0,12,6,2017-02-20
Dawn FM,The Weeknd,1,811,0,53933526,1,8,6,0,27,10,49,62,0,49,5,2022-01-07
Daydreaming,Harry Styles,1,1900,1,187703102,15,1,23,0,71,90,81,31,2,13,3,2022-05-20
Daylight,David Kushner,1,3528,98,387570742,80,156,182,24,51,32,43,83,0,9,3,2023-04-14
Deck The Hall - Remastered 1999,Nat King Cole,1,3299,0,127027715,65,39,41,0,69,96,36,81,0,8,4,1959-01-01
Demasiadas Mujeres,C. Tangana,1,2226,0,339473453,36,2,11,0,67,37,46,13,0,10,39,2020-10-08
Demons,Imagine Dragons,1,26694,13,1840364617,65,82,,4,33,38,71,20,0,28,5,2012-01-01
Desesperados,"Chencho Corleone, Rauw Alejandro",2,6821,34,809306935,83,58,128,7,87,51,69,36,0,9,8,2021-06-25
Despu��s de la P,Bad Bunny,1,2229,0,461558540,27,44,24,0,56,61,90,36,0,18,31,2022-05-06
Devil Don���,Morgan Wallen,1,166,0,32526947,2,10,0,0,53,32,66,38,0,9,3,2023-03-03
Di Que Si,"Grupo Marca Registrada, Grupo Frontera",2,356,10,147290338,4,64,4,2,57,80,59,8,0,6,5,2023-02-03
Die For You,The Weeknd,1,2483,59,1647990401,68,21,24,0,59,51,52,9,0,15,7,2016-11-24
Die For You - Remix,"Ariana Grande, The Weeknd",2,3408,47,518745108,87,86,74,1,53,50,53,23,0,44,7,2023-02-24
Die Hard,"Kendrick Lamar, Blxst, Amanda Reifer",3,4627,0,237351106,38,13,32,0,78,40,74,36,0,17,27,2022-05-13
Die Young (feat. 347aidan),"Sleepy hallow, 347aidan",2,896,0,160845341,19,0,15,0,81,68,58,83,0,11,34,2022-05-25
Dijeron Que No La Iba Lograr,"Fuerza Regida, Chino Pacas",2,320,6,116334601,5,48,2,1,70,76,79,26,0,11,7,2023-03-14
Ditto,NewJeans,1,1154,22,397582059,28,125,11,1,81,18,64,3,0,10,11,2022-12-19
Do I Wanna Know?,Arctic Monkeys,1,33783,26,1788326445,133,92,,1,55,42,53,17,0,22,3,2013-01-01
Do It To It,"Cherish, ACRAZE",2,12403,0,674772936,183,63,465,0,85,64,81,2,5,7,9,2021-08-20
Do They Know It's Christmas? - 1984 Version,Band Aid,1,14169,0,481697415,209,30,449,0,60,23,57,0,2,27,3,1984-11-25
Do We Have A Problem?,"Nicki Minaj, Lil Baby",2,1064,0,81350745,42,1,26,0,84,54,51,47,0,12,40,2022-02-04
Doja,Central Cee,1,4169,44,482257456,57,44,183,1,91,97,57,38,0,40,29,2022-07-20
Don't Be Shy,"Ti��sto, Kar",2,6026,0,566954746,171,51,187,1,77,51,79,20,0,26,6,2021-08-01
Don't Start Now,Dua Lipa,1,27119,0,,532,77,,3,79,68,79,1,0,10,8,2019-10-31
Don't You Worry,"David Guetta, Shakira, Black Eyed Peas",3,2442,0,240918092,81,4,248,1,82,49,88,20,0,21,3,2022-06-16
Don't ever say love me (feat. RM of BTS),"RM, Colde",2,105,0,34502215,5,9,5,0,54,19,48,36,0,37,5,2023-05-04
Don���t Bl,Taylor Swift,1,4875,23,685032533,19,45,0,0,62,19,53,11,0,6,4,2017-11-08
Don���t Break My,The Weeknd,1,1184,0,63803529,1,5,6,0,77,25,62,34,0,23,3,2022-01-07
Dos Mil 16,Bad Bunny,1,892,3,338422004,10,24,11,0,82,50,67,12,0,13,5,2022-05-06
Dos Oruguitas,Sebastian Yatra,1,925,0,167076418,24,47,74,0,42,47,36,76,0,9,5,2021-11-19
Double Fantasy (with Future),"The Weeknd, Future",2,1169,0,96180277,36,65,28,0,60,10,57,1,0,50,3,2023-04-21
Down Under (feat. Colin Hay),"Luude, Colin Hay",2,3541,2,252871192,57,13,50,1,31,4,86,1,0,28,17,2021-11-19
Dream On,Aerosmith,1,168,0,838586769,0,0,5,0,39,24,43,39,0,23,3,1973-01-05
Dreamers [Music from the FIFA World Cup Qatar 2022 Official Soundtrack],"BTS, Jung Kook, FIFA Sound",3,889,20,323358833,11,78,35,0,71,34,88,16,0,44,4,2022-11-20
Driving Home for Christmas - 2019 Remaster,Chris Rea,1,888,0,429504768,50,0,6,0,51,87,58,36,0,18,4,1986-01-01
Dua Lipa,Jack Harlow,1,1992,0,150500965,35,0,3,0,83,41,65,0,10,11,8,2022-05-06
Dynamite,BTS,1,8528,5,1692897992,239,163,583,0,75,74,77,1,0,9,10,2020-08-21
ELEVEN,IVE,1,521,1,247737946,17,89,11,0,83,59,73,6,0,5,11,2021-12-01
Easy On Me,Adele,1,10195,20,1406111294,258,87,657,22,60,13,37,58,0,13,3,2021-10-14
Efecto,Bad Bunny,1,4004,33,1047480053,34,65,43,6,80,23,48,14,0,6,5,2022-05-06
El Apag�,Bad Bunny,1,1209,0,212351890,9,7,14,0,63,60,70,5,0,9,31,2022-05-06
El Azul,"Junior H, Peso Pluma",2,692,25,354495408,10,107,6,3,56,84,65,23,0,10,6,2023-02-10
El Cielo,"Feid, Myke Towers, Sky Rompiendo",3,1298,38,107753850,44,64,57,10,72,17,64,7,0,10,5,2023-06-02
El Gordo Trae El Mando,Chino Pacas,1,539,21,255932395,7,71,4,2,74,96,80,18,0,5,5,2023-01-27
El Merengue,"Marshmello, Manuel Turizo",2,2114,44,223633238,80,75,110,11,78,70,68,3,1,11,4,2023-03-03
El Rescate,"Grupo Marca Registrada, Junior H",2,527,4,287278853,10,43,3,1,79,64,59,28,0,11,14,2022-07-22
Ella Baila Sola,"Eslabon Armado, Peso Pluma",2,3090,50,725980112,34,222,43,13,67,83,76,48,0,8,3,2023-03-16
En El Radio Un Cochinero,Victor Cibrian,1,514,0,164856284,5,36,1,0,70,97,62,47,0,10,4,2022-05-13
En La De Ella,"Feid, Sech, Jhayco",3,1320,0,133895612,29,26,17,0,82,67,77,8,0,12,5,2022-10-20
En Paris,"El Chachito, Junior H",2,406,5,198275403,3,31,2,1,70,77,48,37,0,12,5,2022-12-24
Enchanted,Taylor Swift,1,4564,16,621660989,24,101,113,0,45,24,62,8,0,16,3,2010-01-01
Enchanted (Taylor's Version),Taylor Swift,1,148,24,39578178,32,93,8,2,51,22,53,1,0,15,3,2023-07-07
Enemy (with JID) - from the series Arcane League of Legends,"Imagine Dragons, League of Legends, JID, Arcane",4,6180,7,1223481149,122,88,580,21,72,59,76,24,0,42,28,2021-09-03
Enemy - from the series Arcane League of Legends,"Imagine Dragons, League of Legends, Arcane",3,824,0,1223481149,8,8,8,2,73,54,74,23,0,41,23,2021-10-27
Ens����ame,Bad Bunny,1,1112,3,279737940,7,25,12,0,81,77,79,19,0,47,8,2022-05-06
Entre Nosotros (Remix) [con Nicki Nicole],"Lit Killah, Maria Becerra, Tiago pzk, NICKI NICOLE",4,759,3,236940480,32,0,12,0,70,61,44,40,0,37,4,2022-01-05
Envolver,Anitta,1,4673,2,546191065,123,113,180,1,81,40,73,15,0,9,8,2021-11-11
Erro Gostoso - Ao Vivo,Simone Mendes,1,984,5,153454328,8,57,76,2,59,63,89,18,0,80,9,2023-01-27
Es un Secreto,Plan B,1,492,36,540654286,4,3,19,0,84,52,77,12,0,7,4,2010-07-20
Escapism.,"RAYE, 070 Shake",2,5129,25,532336353,116,84,114,18,54,25,74,14,0,9,11,2022-10-12
Escapism. - Sped Up,"RAYE, 070 Shake",2,1368,0,184308753,12,1,11,0,44,38,77,9,0,9,20,2022-11-25
Esque��a-Me Se For C,"Mar��lia Mendon��a, Maiara &",2,580,0,258316038,24,92,93,0,80,62,69,28,0,13,7,2021-10-14
Eu Gosto Assim - Ao Vivo,"Gustavo Mioto, Mari Fernandez",2,1473,4,222612678,27,64,66,1,64,61,91,15,0,72,4,2022-09-16
Evergreen (You Didn���t Deserve Me A,Omar Apollo,1,2499,0,227918678,70,0,49,0,70,31,34,60,1,11,4,2022-04-08
Every Angel is Terrifying,The Weeknd,1,715,0,37307967,0,1,2,0,44,52,94,11,0,4,29,2022-01-07
Every Breath You Take - Remastered 2003,The Police,1,22439,19,1593270737,211,74,929,0,82,73,45,54,0,7,3,1983-01-06
Every Summertime,NIKI,1,1211,2,290228626,30,2,5,0,63,76,67,38,0,6,4,2021-08-10
Everybody Wants To Rule The World,Tears For Fears,1,41751,25,1205951614,101,32,,0,64,54,81,36,0,11,6,1985-02-17
Everything I Love,Morgan Wallen,1,579,0,95623148,11,54,0,0,56,72,85,0,0,15,3,2023-01-31
Evoque Prata,"DJ Escobar, MC MENOR SG, MC MENOR HR",3,852,0,174006928,14,1,50,0,87,52,52,31,0,28,24,2022-09-09
Excuses,"Intense, AP Dhillon, Gurinder Gill",3,272,4,327498031,7,21,2,0,84,49,72,8,0,15,8,2020-07-24
Eyes Closed,Ed Sheeran,1,2915,30,195576623,116,69,107,3,78,39,53,30,0,11,6,2023-03-23
F2F,SZA,1,989,0,67540165,5,9,1,0,53,47,74,9,0,34,4,2022-12-09
FEARLESS,LE SSERAFIM,1,629,0,229497852,18,75,9,0,86,43,62,5,0,13,14,2022-05-02
FLOWER,JISOO,1,839,18,232896922,20,110,20,0,84,64,39,3,0,11,4,2023-03-31
Fair Trade (with Travis Scott),"Drake, Travis Scott",2,5403,6,593917618,118,116,96,0,67,29,47,5,0,22,26,2021-09-03
Falling,Harry Styles,1,7556,0,1023187129,124,24,254,0,57,6,27,84,0,9,3,2019-12-13
Far,SZA,1,680,0,51641685,2,15,1,0,61,48,55,67,0,16,8,2022-12-09
Fast Car,Luke Combs,1,1446,12,157058870,57,97,35,0,71,67,60,19,0,12,3,2023-03-24
Father Time (feat. Sampha),"Kendrick Lamar, Sampha",2,3107,0,127309180,4,0,22,0,55,50,78,19,0,11,35,2022-05-13
Feliz Cumplea��os Fe,Feid,1,3430,38,601863821,45,69,52,4,87,57,55,10,0,29,7,2022-08-19
Feliz Navidad,Jos�� Felic,1,3788,0,520034544,21,3,10,0,50,96,82,47,0,34,4,1970-11-01
Ferrari,"James Hype, Miggy Dela Rosa",2,7758,28,462791599,173,79,175,0,84,70,69,1,0,5,5,2022-03-14
Ferxxo 100,Feid,1,1647,30,278920007,20,49,23,2,70,58,57,25,0,15,7,2022-06-03
Fim de Semana no Rio,teto,1,315,2,139193812,27,2,31,0,87,28,50,12,0,10,10,2022-03-30
Fin de Semana,"Oscar Maydon, Junior H",2,592,14,307370144,11,84,6,1,70,37,54,6,0,9,8,2023-01-13
Fingers Crossed,"Lauren Spencer Smith, Lauren Spencer Smith, Lauren Spencer Smith",3,2235,0,349585590,65,7,70,16,60,45,47,62,0,31,5,2022-01-05
First Class,Jack Harlow,1,8737,0,694525298,163,32,137,15,91,32,56,3,0,11,10,2022-04-08
Flowers,Miley Cyrus,1,12211,115,1316855716,300,215,745,58,71,65,68,6,0,3,7,2023-01-12
For Youth,BTS,1,327,0,114546317,5,40,12,0,63,29,51,43,0,25,4,2022-06-10
Forever,Labrinth,1,3618,0,282883169,21,86,138,0,56,19,46,92,72,11,3,2019-10-04
Forget Me,Lewis Capaldi,1,2520,4,239411309,93,95,84,9,67,72,74,30,0,36,4,2022-09-09
Forgot About Dre,"Eminem, Dr. Dre",2,19067,0,675039469,78,15,,0,93,61,74,9,0,17,8,1999-01-01
Formula,Labrinth,1,3444,7,554875730,24,85,102,0,57,23,66,4,6,15,4,2019-10-04
Freaks,Surf Curse,1,3006,3,824420218,23,21,121,0,35,41,94,0,63,5,5,2015-05-10
Freaky Deaky,"Tyga, Doja Cat",2,1729,0,153240879,26,1,19,0,80,24,65,2,0,9,4,2022-02-25
Friday (feat. Mufasa & Hypeman) - Dopamine Re-Edit,"Riton, Nightcrawlers, Mufasa & Hypeman, Dopamine",4,12043,0,863756573,209,54,710,0,82,80,86,1,0,30,13,2021-01-15
Fr��gil (feat. Grupo Front,"Yahritza Y Su Esencia, Grupo Frontera",2,672,34,188933502,19,108,24,9,61,39,73,37,0,11,3,2023-04-07
Fuera del mercado,Danny Ocean,1,2499,21,421365166,68,24,43,1,45,27,67,32,0,13,14,2022-02-17
GAT��,"Maldy, Karol G",2,3328,13,322336177,39,50,57,3,63,34,86,26,0,21,39,2022-08-25
GIVENCHY,Duki,1,625,4,185236961,13,18,12,0,61,38,62,14,0,23,40,2022-07-20
Gangsta's Paradise,"Coolio, L.V.",2,10624,17,1357608774,21,0,386,0,63,40,61,9,0,56,6,1995-07-11
Gasolina,Daddy Yankee,1,6457,18,657723613,98,95,453,0,86,74,80,33,0,8,6,2004-07-13
Gasoline,The Weeknd,1,2297,0,116903579,11,29,14,0,74,35,73,0,0,21,5,2022-01-07
Gatita,Bellakath,1,1054,0,168684524,9,0,15,0,90,76,81,15,24,33,6,2022-10-03
Gato de Noche,"Nengo Flow, Bad Bunny",2,2651,30,304118600,21,55,32,3,89,61,66,17,0,36,16,2022-12-22
Get Into It (Yuh),Doja Cat,1,4999,0,516784627,43,19,73,12,91,79,66,32,0,9,16,2021-06-25
Get Lucky - Radio Edit,"Pharrell Williams, Nile Rodgers, Daft Punk",3,52898,0,933815613,203,1,,0,79,87,81,4,0,10,4,2013-01-01
Ghost,Justin Bieber,1,5866,24,1167330737,107,38,95,0,61,41,74,21,0,40,6,2021-03-19
Ghost in the Machine (feat. Phoebe Bridgers),"SZA, Phoebe Bridgers",2,1634,0,110073250,16,20,4,0,62,59,43,84,3,11,5,2022-12-09
Ginseng Strip 2002,Yung Lean,1,4310,0,240769997,13,0,113,1,60,37,71,8,0,48,4,2013-08-16
Glimpse of Us,Joji,1,6330,6,988515741,109,42,158,3,44,27,32,89,0,14,5,2022-06-10
"Gol Bolinha, Gol Quadrado 2","Mc Pedrinho, DJ 900",2,293,8,11956641,5,2,30,2,93,68,65,42,0,12,25,2023-06-01
Golden,Harry Styles,1,8429,1,807015863,85,24,200,0,45,25,84,21,0,13,6,2019-12-13
Gone Girl,SZA,1,892,0,65362788,3,17,2,0,43,42,44,57,0,15,6,2022-12-09
Good Days,SZA,1,10426,2,826623384,133,109,182,1,46,53,78,23,0,72,6,2020-12-24
Good Looking,Suki Waterhouse,1,2264,0,184706613,11,6,25,0,37,27,56,8,0,13,3,2017-10-20
Gospel (with Eminem),"Eminem, Dr. Dre",2,1040,0,64787943,8,0,29,0,92,62,86,11,0,24,24,2022-02-04
Grapejuice,Harry Styles,1,1986,0,199587884,7,1,15,0,65,88,72,36,14,20,3,2022-05-20
HAPPY,NF,1,660,0,52722996,22,7,11,0,73,22,86,31,0,12,4,2023-03-25
HEARTBREAK ANNIVERSARY,Giveon,1,5398,4,951637566,111,127,210,0,61,59,46,56,0,13,5,2020-02-21
HUMBLE.,Kendrick Lamar,1,33206,1,1929770265,284,114,,0,91,42,60,0,0,9,12,2017-03-30
Haegeum,Agust D,1,244,12,118810253,6,84,10,2,70,83,84,31,0,47,30,2023-04-21
Happier Than Ever,Billie Eilish,1,8476,0,1056760045,138,133,283,0,31,31,24,76,0,14,4,2021-07-30
Happier Than Ever - Edit,Billie Eilish,1,1959,0,412795151,19,0,38,0,45,12,57,7,0,23,3,2021-07-28
Happy Xmas (War Is Over),"John Lennon, The Harlem Community Choir, The Plastic Ono Band, Yoko Ono",4,10829,0,460492795,130,1,390,0,33,39,61,32,0,77,3,1971-12-01
Hati-Hati di Jalan,Tulus,1,200,2,202677468,12,4,0,0,64,76,44,70,9,12,4,2022-03-03
Have You Ever Seen The Rain?,Creedence Clearwater Revival,1,15890,14,1145727611,71,37,653,0,74,76,70,7,0,13,3,1968-07-01
Heart To Heart,Mac DeMarco,1,1640,0,244658767,27,27,29,1,90,64,14,67,35,11,10,2019-05-10
Heartless,Kanye West,1,17504,34,887906111,63,39,,0,79,66,65,5,0,25,14,2008-01-01
Heat Waves,Glass Animals,1,22543,63,,386,144,707,28,76,53,53,44,0,9,9,2020-06-28
Heather,Conan Gray,1,6170,7,1301799902,82,1,231,0,47,25,43,62,0,32,3,2020-03-20
Heaven,Niall Horan,1,1553,2,144584800,61,6,48,0,57,68,76,7,0,33,3,2023-02-17
"Here We Go��� Again (feat. Tyler, the Cr","The Weeknd, Tyler, The Creator",3,1420,0,88103848,7,18,7,0,41,27,64,36,0,60,3,2022-01-07
Here With Me,d4vd,1,3246,23,635412045,94,85,68,1,58,27,48,50,0,12,3,2022-07-17
Hey Mor,"Ozuna, Feid",2,4637,38,674072710,63,79,89,11,90,40,59,0,0,10,29,2022-10-06
"Hey, Mickey!",Baby Tate,1,482,0,122763672,9,1,12,4,92,73,51,55,0,15,6,2016-09-27
Hits Different,Taylor Swift,1,547,0,68616963,15,15,6,0,67,24,78,15,0,30,4,2023-05-26
Hold Me Closer,"Elton John, Britney Spears",2,4967,0,284216603,165,10,177,4,67,49,77,11,0,19,11,2017-11-10
Hold My Hand,Lady Gaga,1,2528,0,238350348,63,8,270,2,51,21,63,5,0,41,3,2022-05-03
Holly Jolly Christmas,Michael Bubl�,1,7655,0,476244795,5,0,291,0,65,70,47,87,0,9,4,2011-10-14
Honest (feat. Don Toliver),"Justin Bieber, Don Toliver",2,1351,0,106919680,26,1,17,0,82,82,66,13,0,11,6,2022-04-29
Hope,XXXTENTACION,1,3659,0,1200808494,11,10,267,0,59,23,46,66,0,15,6,2018-03-16
Hot Shit (feat. Ye & Lil Durk),"Kanye West, Lil Durk, Cardi B",3,1601,0,85924992,11,0,2,0,88,52,69,0,0,8,23,2022-07-01
House Of Memories,Panic! At The Disco,1,2948,0,582863434,10,2,150,0,51,48,82,0,0,5,3,2016-01-15
How Do I Make You Love Me?,The Weeknd,1,1915,0,119238316,7,47,15,0,80,62,51,2,0,9,8,2022-01-07
How Do I Say Goodbye,Dean Lewis,1,2163,15,284785823,72,97,58,0,40,39,64,21,0,7,7,2022-08-05
Hrs and Hrs,Muni Long,1,1800,0,181328253,43,36,46,13,51,66,53,60,0,11,18,2021-11-19
Hummingbird (Metro Boomin & James Blake),"James Blake, Metro Boomin",2,277,1,39666245,1,20,5,0,59,26,60,46,1,25,13,2023-06-02
Hype Boy,NewJeans,1,892,17,363472647,20,119,12,2,59,78,94,27,0,29,23,2022-08-01
I AM,IVE,1,366,15,123132751,16,102,7,0,68,38,88,1,0,8,5,2023-04-10
I AM WOMAN,Emmy Meli,1,2795,0,225259194,45,0,107,0,65,46,47,12,0,13,16,2021-11-18
I Ain't Worried,OneRepublic,1,8431,76,1085685420,241,127,458,37,71,82,81,11,0,6,5,2022-05-13
I Can See You (Taylor���s Version) (From The,Taylor Swift,1,516,38,52135248,73,119,42,1,69,82,76,6,0,6,3,2023-07-07
I Hate U,SZA,1,4094,0,356709897,66,96,43,0,54,41,39,51,0,11,16,2021-12-03
I Heard You're Married (feat. Lil Wayne),"The Weeknd, Lil Wayne",2,1178,0,91656026,9,10,9,0,75,85,84,10,0,31,19,2022-01-07
I Know - PR1SVX Edit,"Kanii, PR1ISVX",2,407,0,77377503,16,15,5,0,67,11,76,8,47,30,7,2023-03-24
I Like You (A Happier Song) (with Doja Cat),"Post Malone, Doja Cat",2,5281,14,609293408,94,21,80,15,74,43,69,12,0,12,7,2022-06-03
I Love You So,The Walters,1,7536,7,972164968,44,19,135,0,58,46,67,65,0,13,4,2014-11-28
I Really Want to Stay at Your House,"Rosa Walton, Hallie Coggins",2,668,1,140430339,0,0,31,0,49,13,74,0,0,9,4,2020-12-18
I Tried to Tell Y'all,"Ugly Dray, Tesla Jnr",2,1657,0,121077868,15,3,3,0,71,37,52,62,0,11,36,2022-05-06
I WANNA BE YOUR SLAVE,M��ne,1,4873,0,851070493,65,88,434,3,75,96,61,0,0,18,4,2021-03-19
I Wanna Be Yours,Arctic Monkeys,1,12859,110,1297026226,24,98,582,2,48,44,42,12,2,11,3,2013-01-01
I Was Never There,"The Weeknd, Gesaffelstein",2,4188,15,705469769,30,70,142,0,32,17,74,14,0,17,3,2018-03-29
I Wrote The Book,Morgan Wallen,1,430,0,83021468,15,17,0,0,68,83,81,9,0,8,4,2023-01-31
I'm Good (Blue),"Bebe Rexha, David Guetta",2,12482,80,1109433169,291,184,537,45,56,38,97,4,0,35,4,2022-08-26
I'm Not Here To Make Friends,"Sam Smith, Calvin Harris, Jessie Reyez",3,1890,0,103787664,86,1,49,0,70,84,90,17,0,41,6,2023-01-27
I'm Not The Only One,Sam Smith,1,17492,3,1606986953,136,24,,0,68,50,49,56,0,8,4,2014-01-01
IDGAF (with blackbear),"Blackbear, BoyWithUke",2,625,0,197643795,10,2,13,0,78,83,75,41,0,27,8,2022-03-18
INDUSTRY BABY (feat. Jack Harlow),"Jack Harlow, Lil Nas X",2,13315,0,1814349763,300,47,690,0,74,89,70,2,0,5,6,2021-07-23
If We Ever Broke Up,Mae Stephens,1,2040,4,165584767,81,27,66,9,90,96,73,62,0,9,4,2023-02-10
Igualito a Mi Ap�,"Fuerza Regida, Peso Pluma",2,265,6,158950978,8,84,5,1,76,80,81,19,0,6,9,2022-12-30
In Da Club,50 Cent,1,30427,7,1202722675,235,106,,1,90,79,71,26,0,7,37,2002-01-01
In My Head,Lil Tjay,1,1185,0,190981339,21,0,31,0,68,41,55,16,0,10,12,2022-04-01
In The End,Linkin Park,1,25065,6,1624165576,63,0,,2,55,40,90,1,0,32,6,2000-10-24
In The Stars,Benson Boone,1,2224,8,382199619,48,40,87,1,36,30,54,34,0,14,5,2022-04-29
Infinity,Jaymes Young,1,4375,0,888046992,24,0,396,0,67,50,67,15,0,30,4,2017-06-23
Iris,The Goo Goo Dolls,1,13101,9,1284942608,137,5,582,0,32,49,72,0,0,9,4,1998-03-31
Is There Someone Else?,The Weeknd,1,2881,6,391251368,13,89,34,0,70,60,58,4,0,16,3,2022-01-07
It'll Be Okay,Shawn Mendes,1,1950,0,287201015,56,8,104,0,40,7,29,62,0,9,3,2021-12-01
It's Beginning To Look A Lot Like Christmas,Michael Bubl�,1,12353,0,807561936,35,0,549,0,35,38,23,91,0,29,3,2011-10-14
It's Beginning to Look a Lot Like Christmas (with Mitchell Ayres & His Orchestra),"Perry Como, The Fontane Sisters, Mitchell Ayres & His Orchestra",3,6290,0,295998468,89,39,158,0,73,72,32,77,0,15,5,1958-01-01
It's the Most Wonderful Time of the Year,Andy Williams,1,8879,0,663832097,182,107,160,0,24,76,60,77,0,12,4,1963-10-14
JGL,"Luis R Conriquez, La Adictiva",2,782,9,323455692,15,33,6,1,70,97,59,55,0,27,12,2022-02-18
Jhoome Jo Pathaan,"Arijit Singh, Vishal Dadlani, Sukriti Kakar, Vishal-Shekhar, Shekhar Ravjiani, Kumaar",6,138,4,1365184,13,78,2,0,82,62,74,10,0,33,7,2022-12-22
Jimmy Cooks (feat. 21 Savage),"Drake, 21 Savage",2,5871,27,618885532,81,121,58,1,54,40,67,0,0,9,17,2022-06-17
Jingle Bell Rock,Bobby Helms,1,10326,0,741301563,165,99,104,0,74,78,37,84,0,6,3,1957-01-01
Jingle Bells - Remastered 1999,Frank Sinatra,1,4326,0,178660459,32,3,65,0,51,94,34,73,0,10,5,1957-01-01
Jordan,Ryan Castro,1,2844,2,394030335,29,2,35,1,80,71,68,6,0,10,37,2021-04-30
Just The Way You Are,Bruno Mars,1,21106,13,1641426668,82,0,,0,63,46,85,1,0,9,5,2010-01-01
Just Wanna Rock,Lil Uzi Vert,1,3995,13,457184829,72,27,47,0,49,4,55,7,0,6,3,2022-10-17
KICK BACK,Kenshi Yonezu,1,574,4,210038833,38,101,26,0,58,29,94,0,0,9,11,2022-10-12
KU LO SA - A COLORS SHOW,Oxlade,1,2019,8,222410722,117,72,107,1,65,79,66,31,0,22,7,2022-06-10
Kahani Suno 2.0,Kaifi Khalil,1,162,6,156777415,1,10,1,0,58,26,38,91,0,10,4,2022-05-31
Karma,Taylor Swift,1,3818,23,404562836,37,55,32,0,64,10,62,7,0,48,7,2022-10-21
Karma (feat. Ice Spice),"Taylor Swift, Ice Spice",2,588,0,46142772,23,21,31,0,62,7,62,6,0,58,6,2023-05-26
Keep Driving,Harry Styles,1,2094,1,236060709,8,1,18,0,72,90,48,32,0,18,23,2022-05-20
Kill Bill,SZA,1,8109,77,1163093654,183,162,161,12,64,43,73,5,17,16,4,2022-12-08
Kiss Me More (feat. SZA),"SZA, Doja Cat",2,15867,0,1575467011,382,65,497,0,77,74,66,30,0,13,3,2021-04-09
Knife Talk (with 21 Savage ft. Project Pat),"Drake, Project Pat, 21 Savage",3,5199,0,594482982,45,43,45,0,85,22,37,13,0,7,30,2021-09-03
Komang,Raim Laode,1,158,4,137123880,5,6,1,1,70,35,41,41,0,10,3,2022-08-16
LA CANCI�,"J Balvin, Bad Bunny",2,6398,31,1435127549,177,109,305,3,75,43,65,15,0,11,32,2019-06-28
LA FAMA (with The Weeknd),"The Weeknd, ROSAL�",2,4640,3,374706940,81,93,507,6,77,82,30,95,0,13,5,2021-11-11
LA INOCENTE,"Feid, Mora",2,2598,37,477033549,28,57,43,8,76,46,79,31,0,7,6,2022-04-01
LADY GAGA,"Gabito Ballesteros, Junior H, Peso Pluma",3,332,26,86444842,11,163,10,4,65,87,74,22,0,42,4,2023-06-22
LAGUNAS,"Jasiel Nu��ez, Peso P",2,58,18,39058561,2,106,4,2,77,79,62,33,1,15,3,2023-06-22
LALA,Myke Towers,1,1474,48,133716286,48,126,58,14,71,61,74,7,0,10,4,2023-03-23
LET GO,Central Cee,1,2301,20,298063749,49,23,110,0,74,51,45,86,0,21,38,2022-12-15
LLYLM,ROSAL�,1,1838,0,124988687,105,41,114,1,56,56,63,13,0,19,27,2023-01-27
LOKERA,"Brray, Rauw Alejandro, Lyanno",3,3301,30,471819764,72,64,64,6,83,58,83,21,0,10,5,2022-07-25
LOVE DIVE,IVE,1,753,8,305771063,28,124,13,0,70,54,71,0,0,33,4,2022-04-05
LUNA,"Junior H, Peso Pluma",2,201,11,55842345,19,117,8,1,75,79,63,33,0,15,4,2023-06-22
La Bachata,Manuel Turizo,1,6804,45,1214083358,139,111,161,15,84,85,68,58,0,22,4,2022-05-26
La Bebe,Yng Lvcas,1,489,17,191945597,4,11,5,1,78,75,46,62,0,12,35,2021-12-24
La Bebe - Remix,"Peso Pluma, Yng Lvcas",2,2953,44,553634067,49,110,66,13,81,56,48,21,0,8,33,2023-03-17
La Corriente,"Tony Dize, Bad Bunny",2,1796,8,479655659,8,25,18,1,66,58,79,23,0,22,20,2022-05-06
La Jumpa,"Arcangel, Bad Bunny",2,3794,34,538115192,47,77,53,10,71,58,70,30,0,32,19,2022-11-30
La Llevo Al Cielo (Ft. ��engo F,"Nengo Flow, Anuel Aa, Chris Jedi, Chencho Corleone",4,3559,3,333146475,36,1,31,0,80,77,85,11,0,17,14,2022-05-20
La Loto,"Anitta, Tini, Becky G",3,945,0,121189256,49,3,57,0,85,80,83,10,0,8,11,2022-07-06
La Santa,"Daddy Yankee, Bad Bunny",2,4890,20,759208783,52,42,100,0,74,59,87,3,0,8,5,2020-02-29
La Zona,Bad Bunny,1,1188,0,312622938,13,1,15,0,76,81,80,20,0,25,4,2020-02-29
Labyrinth,Taylor Swift,1,1597,0,187339835,6,3,15,0,48,15,31,80,22,12,4,2022-10-21
Lady Mi Amor,Feid,1,330,0,53987404,3,0,2,0,78,75,62,6,0,15,6,2022-09-13
Las Morras,"BLESSD, Peso Pluma",2,291,8,127026613,8,78,4,1,78,90,84,31,0,7,4,2023-04-04
Last Christmas,Wham!,1,22153,0,1159176109,274,111,,0,74,88,65,28,0,46,3,1984-01-01
Last Last,Burna Boy,1,4526,12,293466523,156,275,150,3,80,55,56,13,0,8,9,2022-05-12
Last Night,Morgan Wallen,1,2420,19,429829812,52,107,15,1,52,52,68,46,0,15,4,2023-01-31
Late Night Talking,Harry Styles,1,7461,8,743693613,166,42,199,16,71,90,73,30,0,11,5,2022-05-20
Lavender Haze,Taylor Swift,1,3763,8,488386797,51,43,38,10,73,10,44,26,0,16,8,2022-10-21
Layla,"Sch��rze, DJ R",2,832,3,130419412,18,124,24,1,44,41,92,0,0,44,7,2022-03-24
Leave Before You Love Me (with Jonas Brothers),"Marshmello, Jonas Brothers",2,4893,4,651732901,143,24,110,0,72,67,72,0,0,13,4,2021-04-28
Leave The Door Open,"Bruno Mars, Anderson .Paak, Silk Sonic",3,14417,0,1115880852,237,123,569,0,59,72,62,18,0,9,3,2021-03-05
Left and Right (Feat. Jung Kook of BTS),"Charlie Puth, BTS, Jung Kook",3,3107,39,720434240,38,0,4,0,88,72,59,62,0,9,3,2022-06-24
Less Than Zero,The Weeknd,1,2800,0,200660871,18,77,61,0,53,50,79,0,0,8,3,2022-01-07
Let It Snow! Let It Snow! Let It Snow!,"Frank Sinatra, B. Swanson Quartet",2,10585,0,473248298,126,108,406,0,60,86,32,88,0,34,6,1950-01-01
Let Me Down Slowly,Alec Benjamin,1,5897,19,1374581173,0,0,885,0,65,51,55,73,0,14,3,2018-05-25
Levitating,Dua Lipa,1,9833,0,797196073,233,82,531,1,69,90,88,5,0,29,8,2020-03-27
Levitating (feat. DaBaby),"Dua Lipa, DaBaby",2,15894,8,1802514301,198,13,544,0,70,92,83,1,0,7,6,2020-03-27
Ley Seca,"Anuel Aa, Jhay Cortez",2,2012,0,355219175,101,12,38,0,76,58,84,10,0,13,10,2021-09-02
Le�,Mar��lia Mendo,1,993,4,267789608,30,84,88,1,74,79,87,45,0,30,3,2022-12-09
Life Goes On,Oliver Tree,1,2868,0,501541661,43,15,116,0,70,57,49,19,0,12,8,2020-07-17
Lift Me Up - From Black Panther: Wakanda Forever - Music From and Inspired By,Rihanna,1,3311,0,297328960,129,31,212,1,25,17,30,90,0,13,3,2022-10-28
Light Switch,Charlie Puth,1,4049,0,500340342,119,6,85,1,69,91,63,11,0,9,31,2022-01-19
Like Crazy,Jimin,1,596,68,363369738,8,104,23,2,63,36,73,0,0,36,4,2023-03-24
Like Crazy (English Version),Jimin,1,373,19,173627354,4,72,5,0,62,32,76,0,0,39,4,2023-03-24
Lilith (feat. SUGA of BTS) (Diablo IV Anthem),"Halsey, Suga",2,215,6,51985779,6,14,8,2,43,14,74,1,0,19,8,2023-06-05
Limbo,Freddie Dredd,1,688,0,199386237,14,1,17,0,80,46,62,3,6,11,46,2022-08-11
"Link Up (Metro Boomin & Don Toliver, Wizkid feat. BEAM & Toian) - Spider-Verse Remix (Spider-Man: Across the Spider-Verse )","WizKid, Toian, Metro Boomin, Don Toliver, Beam",5,197,0,32761689,3,10,3,0,92,59,51,41,51,26,8,2023-06-02
Little Freak,Harry Styles,1,2302,0,273194684,20,3,39,0,56,40,54,72,0,10,4,2022-05-20
Lo Siento BB:/ (with Bad Bunny & Julieta Venegas),"Julieta Venegas, Bad Bunny, Tainy",3,3423,26,775542072,61,65,53,6,64,14,70,9,0,9,8,2021-10-05
Locked Out Of Heaven,Bruno Mars,1,1622,9,1481349984,0,0,356,0,73,87,70,6,0,28,5,2012-12-05
Los del Espacio,"Big One, Duki, Lit Killah, Maria Becerra, FMK, Rusherking, Emilia, Tiago pzk",8,1150,31,123122413,22,33,34,7,81,63,68,11,0,11,4,2023-06-01
Lose Yourself - Soundtrack Version,Eminem,1,32502,21,1829992958,247,54,,1,70,6,73,1,0,36,26,2002-01-01
Lost,Frank Ocean,1,29499,11,822239726,124,27,587,0,91,49,61,3,0,17,22,2012-01-01
Lost in the Fire,"The Weeknd, Gesaffelstein",2,7731,2,686734357,110,145,447,0,66,18,68,9,0,12,4,2019-01-11
Love Again,The Kid Laroi,1,1283,0,147538971,57,4,48,0,66,47,40,72,0,11,3,2023-01-27
Love Grows (Where My Rosemary Goes),Edison Lighthouse,1,2877,0,,16,0,54,0,53,75,69,7,0,17,3,1970-01-01
Love Language,SZA,1,1127,0,110849052,16,63,8,0,71,55,26,85,0,13,8,2022-12-09
Love Nwantiti - Remix,"Ckay, AX'EL, Dj Yo!",3,2696,0,540539717,42,2,57,0,58,44,60,44,9,5,6,2019-08-30
Love Of My Life,Harry Styles,1,1933,0,233671263,13,2,31,0,56,20,54,67,0,6,5,2022-05-20
Love Yourself,Justin Bieber,1,22730,5,2123309722,289,87,,0,61,53,38,84,0,28,44,2015-11-09
Lover,Taylor Swift,1,8448,23,882831184,160,110,163,0,43,50,55,50,0,15,10,2012-01-01
Lovers Rock,TV Girl,1,6339,13,466231982,3,1,36,1,56,57,87,0,1,10,4,2014-06-05
Lovezinho,Treyce,1,242,0,70069745,12,2,13,0,82,61,59,30,0,12,4,2022-07-28
Low,SZA,1,1911,0,272377463,23,71,14,0,70,34,55,43,0,16,6,2022-12-09
Lucid Dreams,Juice WRLD,1,14749,0,,188,34,710,0,44,22,48,38,0,33,24,2017-06-15
L���,Stromae,1,2035,0,108809090,41,122,394,0,56,58,55,35,0,23,11,2022-01-09
MAMIII,"Karol G, Becky G",2,6809,28,716591492,151,102,175,5,84,90,70,9,0,14,8,2022-02-10
MANIAC,Stray Kids,1,651,0,212234990,6,188,20,0,58,71,80,15,0,7,41,2022-03-18
MERCHO,"Migrantes, LiL CaKe, Nico Valdi",3,1267,20,231332117,41,22,56,4,84,96,79,43,0,18,11,2022-12-16
METAMORPHOSIS,INTERWORLD,1,1561,24,357580552,18,78,24,0,59,15,64,43,90,12,10,2021-11-25
MIDDLE OF THE NIGHT,Elley Duh�,1,4057,8,872137015,78,21,240,1,41,9,61,2,0,12,5,2020-01-10
MIENTRAS ME CURO DEL CORA,Karol G,1,1020,35,206399629,15,26,30,6,52,57,48,86,0,15,39,2023-02-24
MOJABI GHOST,"Tainy, Bad Bunny",2,859,40,61245289,35,109,41,14,81,74,71,14,0,56,4,2023-06-29
MONEY,Lisa,1,2566,13,863625566,44,109,131,0,83,40,55,16,0,14,23,2021-09-10
MONTAGEM - FR PUNK,"Ayparia, unxbected",2,641,50,58054811,1,52,8,0,63,84,82,70,8,9,7,2012-06-20
MONTERO (Call Me By Your Name),Lil Nas X,1,12329,0,1735441776,275,19,738,0,61,76,51,30,0,38,15,2020-09-18
MORE,j-hope,1,565,0,155795783,6,52,11,0,78,31,72,1,0,11,4,2022-07-01
Maan Meri Jaan,King,1,288,6,319566866,11,80,1,0,70,40,51,35,0,10,4,2022-10-12
Made You Look,Meghan Trainor,1,3956,6,502574952,142,23,127,3,84,88,53,35,0,8,7,2022-10-21
Major Distribution,"Drake, 21 Savage",2,1545,0,154863153,22,7,15,0,91,23,55,1,0,7,32,2022-11-04
Makeba,Jain,1,6060,53,165484133,150,148,,22,82,40,66,39,51,25,7,2015-06-22
Mal Feito - Ao Vivo,"Mar��lia Mendon��a, Hugo & G",2,971,2,291709698,35,104,93,1,73,68,83,55,0,90,7,2022-01-14
Malas Decisiones,Kenia OS,1,542,2,156214700,23,2,21,0,81,64,79,5,0,31,3,2022-10-26
Malvada,Z�� Fe,1,601,0,154119539,28,73,64,0,89,89,86,16,0,8,5,2022-01-28
Malvad��,"Xam��, Gustah, Neo B",3,648,1,240684449,14,3,81,0,82,52,61,38,0,14,27,2021-11-30
Mami Chula,"Quevedo, Jhayco",2,875,4,61105704,17,13,27,0,80,33,70,22,0,9,4,2023-04-27
Man Made A Bar (feat. Eric Church),"Morgan Wallen, Eric Church",2,329,0,58890931,14,35,1,0,50,49,76,12,0,12,3,2023-03-03
Marisola - Remix,"Duki, NICKI NICOLE, Cris Mj, Standly, Stars Music Chile",5,1845,16,223582566,20,8,30,2,77,72,87,17,0,7,5,2022-12-15
Maroon,Taylor Swift,1,2304,0,317726339,12,16,14,0,64,4,40,6,0,10,6,2022-10-21
Mary On A Cross,Ghost,1,2668,2,387080183,38,266,78,0,47,56,90,0,0,10,4,2019-09-13
Mas Rica Que Ayer,"Mambo Kingz, DJ Luian, Anuel Aa",3,1208,34,146409671,10,41,20,0,82,53,67,34,0,9,8,2023-03-02
Massive,Drake,1,5263,0,195628667,66,89,61,0,51,5,68,12,2,15,6,2022-06-17
Master of Puppets (Remastered),Metallica,1,6080,0,704171068,112,198,406,1,54,59,83,0,44,20,4,1986-03-03
Mastermind,Taylor Swift,1,1936,0,218320587,7,5,13,0,66,12,35,55,0,9,14,2022-10-21
Matilda,Harry Styles,1,3218,3,366214458,29,10,79,0,51,39,29,90,0,10,4,2022-05-20
Me Arrepent�,"Ak4:20, Cris Mj, Pailita",3,273,2,118381354,12,2,4,0,86,91,79,29,0,60,16,2022-03-30
Me Fui de Vacaciones,Bad Bunny,1,1443,0,305650299,9,11,22,1,71,43,65,23,0,9,5,2022-05-06
Me Porto Bonito,"Chencho Corleone, Bad Bunny",2,8870,43,1440757818,104,120,141,26,91,43,71,9,0,9,8,2022-05-06
Me and Your Mama,Childish Gambino,1,8775,0,445590495,33,60,107,1,56,25,45,1,3,7,3,2016-11-10
Medallo,"Justin Quiles, Lenny Tav��rez, BL",3,2780,2,393230256,54,21,57,1,79,79,70,57,0,66,8,2021-10-27
Meet Me At Our Spot,"THE ANXIETY, Willow, Tyler Cole",3,6734,0,530511203,47,14,90,0,77,40,47,2,0,9,3,2020-03-13
Mejor Que Yo,"Mambo Kingz, DJ Luian, Anuel Aa",3,675,1,50847624,9,13,11,0,62,56,66,18,0,12,5,2023-05-04
Memories,Maroon 5,1,9974,2,1759567999,272,67,,1,77,60,32,84,0,8,5,2019-09-20
Merry Christmas,"Ed Sheeran, Elton John",2,2209,0,135723538,72,90,141,0,59,60,94,24,0,10,4,2017-11-10
Merry Christmas Everyone,Shakin' Stevens,1,1087,0,351636786,90,35,5,0,72,91,87,14,0,13,3,1984-01-01
Mi Bello Angel,Natanael Cano,1,86,8,31873544,7,76,3,1,81,90,77,1,0,9,5,2023-06-30
Midnight Rain,Taylor Swift,1,2612,4,433356509,19,29,21,0,64,18,37,72,0,12,7,2022-10-21
Mine (Taylor's Version),Taylor Swift,1,99,15,36912123,21,52,6,1,65,49,78,0,0,17,4,2023-07-07
Miracle (with Ellie Goulding),"Calvin Harris, Ellie Goulding",2,5120,48,211050784,161,115,246,9,64,31,87,4,4,8,4,2023-03-10
Mirror,Kendrick Lamar,1,1929,0,53603447,2,0,4,0,66,29,65,23,0,8,7,2022-05-13
Miserable Man,David Kushner,1,788,0,124407432,13,0,32,1,63,31,35,93,0,29,3,2022-01-07
Miss You,"Robin Schulz, Oliver Tree",2,5730,10,497225336,108,16,197,3,59,20,74,1,0,15,5,2022-08-05
Mistletoe,Justin Bieber,1,9577,0,629173063,195,111,310,0,67,88,54,51,0,9,4,2011-01-01
Mi��n,"Tini, Maria Becerra",2,3406,16,596152090,61,23,70,1,85,92,54,16,0,29,7,2021-04-29
Mockingbird,Eminem,1,12985,61,1241559043,49,98,,5,62,24,67,21,0,13,28,2004-01-01
Mon Amour - Remix,"Aitana, zzoilo",2,3221,2,578207856,67,13,139,0,75,36,76,12,0,10,10,2020-09-21
Money Trees,"Kendrick Lamar, Jay Rock",2,26792,32,1093605526,69,113,695,0,74,37,53,7,0,21,10,2012-01-01
Monoton�,"Ozuna, Shakira",2,3645,15,380726517,118,34,150,4,87,82,70,42,0,21,5,2022-10-19
Mon��y so,YEAT,1,1473,0,263779030,2,0,12,0,69,35,57,12,0,10,9,2021-09-10
Mood (feat. Iann Dior),"24kgoldn, Iann Dior",2,12854,0,1699402402,237,27,636,0,70,76,72,22,0,27,4,2020-07-24
Moonlight,Kali Uchis,1,2649,42,256483385,67,79,57,1,64,88,72,51,0,17,5,2023-02-24
Moscow Mule,Bad Bunny,1,4572,33,909001996,74,113,85,9,80,29,67,29,0,12,3,2022-05-06
Moth To A Flame (with The Weeknd),"The Weeknd, Swedish House Mafia",2,7495,17,611994237,114,172,284,2,56,16,67,0,0,11,4,2021-10-22
Mother I Sober (feat. Beth Gibbons of Portishead),"Kendrick Lamar, Beth Gibbons",2,1890,0,33381454,3,0,2,0,49,50,37,87,0,11,35,2022-05-13
Mount Everest,Labrinth,1,5443,0,467727006,45,1,80,0,46,43,43,23,8,8,22,2019-06-21
Mr. Brightside,The Killers,1,51979,15,1806617704,306,99,,2,35,24,93,0,0,10,8,2003-09-23
Mr. Morale,"Kendrick Lamar, Tanna Leone",2,1860,0,58687425,1,0,3,0,73,26,54,30,0,34,32,2022-05-13
Mujeriego,Ryan Castro,1,1492,0,231996128,44,63,91,0,76,92,62,6,0,8,13,2021-12-17
Murder In My Mind,Kordhell,1,2459,20,448843705,20,68,50,0,71,57,97,1,0,13,11,2022-01-21
Music For a Sushi Restaurant,Harry Styles,1,4449,1,334733572,80,11,66,0,72,36,72,26,6,11,4,2022-05-20
Mu��,"Steve Aoki, Tini, La Joaqui",3,658,6,120972253,33,7,53,2,68,83,71,3,0,31,8,2023-01-12
My Mind & Me,Selena Gomez,1,953,0,91473363,61,13,37,1,60,24,39,57,0,8,3,2022-11-03
My Only Wish (This Year),Britney Spears,1,6952,0,261116938,115,53,286,0,67,69,72,17,0,19,3,2000-11-07
My Universe,"Coldplay, BTS",2,6127,13,1061966512,0,0,0,0,58,42,68,1,0,14,4,2021-09-24
N95,Kendrick Lamar,1,5542,0,301242089,52,16,65,0,81,39,66,38,0,12,14,2022-05-13
NEW MAGIC WAND,"Tyler, The Creator",2,4708,0,461437791,13,7,55,0,62,46,73,10,0,67,11,2019-05-16
Nail Tech,Jack Harlow,1,2939,0,193443895,42,0,24,0,65,11,58,0,0,12,9,2022-02-18
Need To Know,Doja Cat,1,6672,0,1042568408,125,36,150,0,66,19,61,30,0,9,7,2021-06-11
Never Felt So Alone,Labrinth,1,1730,3,117747907,46,5,51,0,44,36,41,50,0,38,5,2023-04-07
Neverita,Bad Bunny,1,2590,30,671365962,20,64,35,6,88,43,50,7,0,14,5,2022-05-06
New Jeans,NewJeans,1,77,35,29562220,8,166,4,4,81,53,72,51,0,12,5,2023-07-07
Niagara Falls (Foot or 2) [with Travis Scott & 21 Savage],"Travis Scott, 21 Savage, Metro Boomin",3,1602,0,195516622,12,22,12,0,49,24,66,19,0,18,29,2022-12-02
Night Changes,One Direction,1,7124,18,1131090940,60,20,2,0,67,40,52,86,0,12,4,2014-11-17
Ni��a Bo,"Sean Paul, Feid",2,1305,34,115010040,29,26,43,5,82,47,62,10,0,10,15,2023-04-21
No Lie,"Sean Paul, Dua Lipa",2,7370,0,956865266,92,127,,0,74,45,89,5,0,26,13,2016-11-18
No Role Modelz,J. Cole,1,21164,36,1791000570,80,65,476,0,70,47,52,30,0,6,33,2014-12-09
No Se Va,Grupo Frontera,1,924,18,404887295,17,80,22,9,59,69,53,12,0,23,3,2022-04-28
Nobody Gets Me,SZA,1,2536,6,284908316,59,100,58,13,36,28,28,81,0,18,3,2022-12-09
Nonsense,Sabrina Carpenter,1,2346,27,342897938,69,12,38,8,74,68,68,3,0,26,4,2022-07-15
Normal,Feid,1,2461,36,459276435,47,66,45,5,71,59,56,4,0,27,12,2022-07-08
Nos Comemos (feat. Ozuna),"Ozuna, Tiago pzk",2,896,0,138334433,0,0,2,0,83,56,82,10,0,9,5,2022-06-02
Nosso Quadro,"Ana Castela, AgroPlay",2,894,9,233801632,14,88,66,3,69,61,71,33,0,31,20,2023-02-02
Nost��l,"Chris Brown, Rvssian, Rauw Alejandro",3,2780,2,436695353,86,76,59,0,73,60,85,17,0,24,5,2021-09-08
Notice Me,SZA,1,819,0,62019074,14,22,0,0,72,78,68,28,0,11,12,2022-12-09
Notion,The Rare Occasions,1,2393,0,421135627,22,13,65,0,31,30,88,7,0,8,8,2016-08-05
Novidade na ��,"Mc Livinho, DJ Matt D",2,267,9,39709092,9,6,25,2,63,36,34,76,0,35,9,2023-06-23
Novo Balan�,"Veigh, Bvga Beatz, Supernova Ent, Prod Malax",4,283,7,81102253,6,9,26,1,84,65,50,67,0,13,6,2023-05-19
Numb,Linkin Park,1,20111,5,1361425037,39,0,,0,50,24,86,0,0,64,4,2003-03-24
Numb Little Bug,Em Beihold,1,2026,0,258714692,47,3,42,12,74,61,52,30,0,26,9,2022-01-28
Nxde,(G)I-DLE,1,430,6,170709584,14,116,9,0,73,65,91,4,0,48,18,2022-10-17
O.O,NMIXX,1,290,0,135444283,9,66,10,0,39,28,77,4,0,6,29,2022-02-22
OMG,NewJeans,1,1783,27,430977451,26,124,15,1,80,74,77,36,0,11,4,2023-01-02
OUT OUT (feat. Charli XCX & Saweetie),"Charli XCX, Jax Jones, Joel Corry, Saweetie",4,6890,0,427486004,122,11,201,0,79,79,84,2,0,5,5,2021-08-13
Obsessed,"Abhijay Sharma, Riar Saab",2,161,6,71007139,10,79,2,0,80,85,74,62,0,8,9,2022-09-29
Oh My God,Adele,1,4431,0,466214729,105,7,199,0,53,55,73,9,0,3,5,2021-11-19
Oi Balde - Ao Vivo,Z�� Neto & Crist,1,845,2,145458418,12,57,47,1,67,55,67,60,0,80,5,2023-02-14
Ojitos Lindos,"Bomba Est��reo, Bad B",2,6135,38,1133865788,71,113,99,13,65,27,69,8,0,53,4,2022-05-06
Ojos Marrones,Lasso,1,795,11,263280370,26,18,15,1,81,72,65,4,0,14,4,2022-02-06
On BS,"Drake, 21 Savage",2,1338,0,170413877,9,20,7,0,84,33,36,2,0,39,59,2022-11-04
On Time (with John Legend),"John Legend, Metro Boomin",2,398,0,78139948,2,2,6,0,33,51,59,76,0,44,6,2022-12-02
One Dance,"Drake, WizKid, Kyla",3,43257,24,,433,107,,0,77,36,63,1,0,36,5,2016-04-04
One Kiss (with Dua Lipa),"Calvin Harris, Dua Lipa",2,27705,10,1897517891,537,122,,6,79,59,86,4,0,8,11,2017-06-02
One Right Now (with The Weeknd),"The Weeknd, Post Malone",2,4771,0,539595276,68,18,75,0,68,72,78,4,0,7,5,2021-11-05
One Thing At A Time,Morgan Wallen,1,811,4,148469433,11,58,5,0,61,92,91,0,0,26,3,2022-12-02
Only Love Can Hurt Like This,Paloma Faith,1,5148,0,588955257,90,22,365,0,57,30,89,10,0,33,8,2014-01-01
Open Arms (feat. Travis Scott),"SZA, Travis Scott",2,1420,4,155653938,13,87,17,0,67,22,59,76,1,15,16,2022-12-08
Otro Atardecer,"Bad Bunny, The Mar��",2,1681,7,319546754,10,30,13,0,78,55,60,59,0,7,4,2022-05-06
Out of Time,The Weeknd,1,3711,0,339659802,49,88,62,0,65,82,74,27,0,32,5,2022-01-07
Overdrive,Post Malone,1,410,36,14780425,36,32,31,1,56,48,73,0,0,35,4,2023-07-14
PERO T�,"Karol G, Quevedo",2,387,11,93438910,11,15,14,3,86,68,79,39,0,11,29,2023-02-23
PLAYA DEL INGL�,"Myke Towers, Quevedo",2,1701,15,221409663,30,15,34,2,79,66,74,8,0,11,5,2022-12-15
POLARIS - Remix,"Feid, Mora, Saiko, Quevedo",4,773,33,57312735,20,46,21,8,62,55,80,15,0,37,7,2023-06-08
POP!,Nayeon,1,571,0,213505179,19,21,14,0,80,36,86,4,0,3,5,2022-06-24
PRC,"Natanael Cano, Peso Pluma",2,961,26,436027885,19,143,10,6,78,89,83,10,0,12,5,2023-01-23
PROVENZA,Karol G,1,6587,34,885093467,114,104,147,11,87,53,52,66,1,11,5,2022-04-21
PUFFIN ON ZOOTIEZ,Future,1,2350,0,254218729,28,42,23,0,88,28,66,6,0,13,31,2022-04-29
PUNTO 40,"Baby Rasta, Rauw Alejandro",2,3006,12,304079786,54,32,66,2,87,20,83,0,4,31,9,2022-09-22
Pantysito,"Feid, Alejo, Robi",3,2995,0,273005485,49,17,30,0,83,63,74,14,0,16,6,2022-03-18
Party,"Bad Bunny, Rauw Alejandro",2,3185,4,614555082,38,64,37,3,83,47,80,2,0,24,9,2022-05-06
Pasoori,"Shae Gill, Ali Sethi",2,349,6,284249832,10,22,3,0,71,67,60,7,0,6,4,2022-02-06
Pass The Dutchie,Musical Youth,1,5328,0,195918494,54,76,900,0,73,88,67,20,0,32,5,1982-01-01
"Paulo Londra: Bzrp Music Sessions, Vol. 23","Bizarrap, Paulo Londra",2,928,0,164163229,19,0,7,0,61,32,90,25,0,10,9,2022-04-25
Payphone,"Maroon 5, Wiz Khalifa",2,14143,4,1479264469,56,38,,1,74,51,74,2,0,29,4,2012-01-01
Peaches (feat. Daniel Caesar & Giveon),"Justin Bieber, Daniel Caesar, Giveon",3,14140,0,1445941661,231,52,612,6,63,49,68,38,0,42,18,2021-03-19
Peaches (from The Super Mario Bros. Movie),Jack Black,1,34,0,68216992,0,0,0,0,71,41,31,79,0,10,5,2023-04-07
People,Libianca,1,3506,56,373199958,105,64,169,8,59,71,42,55,0,10,7,2022-12-02
People Pt.2 (feat. IU),"IU, Agust D",2,209,4,95816024,4,45,11,2,73,44,57,39,0,32,6,2023-04-07
Pepas,Farruko,1,14114,17,1309887447,252,109,965,20,76,44,77,1,0,13,3,2021-06-24
Perfect,Ed Sheeran,1,16596,13,,7,0,,0,60,17,45,16,0,11,2,2017-01-01
Permission to Dance,BTS,1,1801,2,608334048,77,134,74,0,70,65,74,1,0,34,4,2021-07-09
Peru,"Ed Sheeran, Fireboy DML",2,2999,0,261286503,60,17,154,0,96,71,42,57,0,8,9,2021-12-23
"Peso Pluma: Bzrp Music Sessions, Vol. 55","Bizarrap, Peso Pluma",2,1313,40,200647221,17,152,32,11,85,81,67,26,0,12,5,2023-05-31
Phantom Regret by Jim,The Weeknd,1,768,0,31959571,1,1,3,0,46,23,48,75,30,14,4,2022-01-07
Photograph,Ed Sheeran,1,18778,3,,228,105,,0,61,20,38,61,0,10,5,2014-06-20
Pink + White,Frank Ocean,1,21574,30,806397070,112,68,266,1,54,54,55,67,0,42,11,2016-08-20
Pink Venom,BLACKPINK,1,1963,16,551305895,57,119,77,1,80,71,69,2,0,27,10,2022-08-19
Pipoco,"Melody, Ana Castela, Dj Chris No Beat",3,1112,4,191873381,22,2,65,1,77,74,74,47,0,34,8,2022-05-20
Pi��man De�,"Semicenk, Do��u",2,185,3,43522589,5,6,4,1,73,45,62,28,0,13,13,2023-06-02
Plan A,Paulo Londra,1,1105,0,240661097,32,0,19,0,58,56,83,5,0,7,4,2022-03-23
Players,Coi Leray,1,4096,6,335074782,118,48,143,0,95,62,52,3,0,5,16,2022-11-30
Poland,Lil Yachty,1,1584,0,115331792,38,0,24,0,70,26,56,14,83,11,5,2022-06-23
Polaroid Love,ENHYPEN,1,461,0,211372494,10,56,17,0,74,65,67,46,0,36,4,2022-01-10
Pope Is a Rockstar,SALES,1,1966,0,156658366,4,2,50,0,73,31,45,85,24,11,3,2016-04-20
Popular (with Playboi Carti & Madonna) - The Idol Vol. 1 (Music from the HBO Original Series),"The Weeknd, Madonna, Playboi Carti",3,1945,87,115364561,74,182,87,14,85,83,68,7,0,36,20,2023-06-02
Por las Noches,Peso Pluma,1,457,24,330346424,8,116,4,3,81,39,60,31,0,7,3,2021-06-11
Potion (with Dua Lipa & Young Thug),"Calvin Harris, Dua Lipa, Young Thug",3,3983,0,190625045,73,45,119,0,82,76,70,16,0,8,5,2022-05-27
Praise God,Kanye West,1,4651,0,376333030,24,6,105,0,80,21,55,1,0,26,17,2021-08-29
Primera Cita,Carin Leon,1,266,27,77309611,6,40,6,6,54,50,40,61,0,10,6,2022-04-20
Princess Diana (with Nicki Minaj),"Nicki Minaj, Ice Spice",2,1444,4,104992946,0,0,0,0,90,74,68,14,0,10,19,2023-04-14
Private Landing (feat. Justin Bieber & Future),"Don Toliver, Future, Justin Bieber",3,1190,0,105062254,29,3,18,0,84,44,67,8,0,11,6,2023-02-23
Privileged Rappers,"Drake, 21 Savage",2,1007,0,112436403,6,5,3,0,93,62,61,0,0,12,20,2022-11-04
Problem�,"Alvaro Diaz, Rauw Alejandro",2,1517,0,209768491,42,7,15,0,73,37,74,28,0,14,6,2021-10-22
Prohibidox,Feid,1,1473,12,185392587,25,36,25,1,65,52,80,5,0,6,25,2022-09-13
Punto G,Quevedo,1,1985,35,381161027,34,26,37,5,75,55,76,25,0,10,15,2022-11-04
Purple Hearts,"Kendrick Lamar, Ghostface Killah, Summer Walker",3,2308,0,76831876,7,0,7,0,57,71,82,19,0,15,29,2022-05-13
Pussy & Millions (feat. Travis Scott),"Drake, Travis Scott, 21 Savage",3,1930,0,191333656,24,8,17,0,75,45,63,6,0,35,12,2022-11-04
QUEMA,"Sog, Ryan Castro, Peso Pluma",3,437,31,11599388,17,29,26,3,79,92,89,5,0,6,5,2023-07-13
Que Vuelvas,"Carin Leon, Grupo Frontera",2,763,26,2762,21,110,21,9,49,78,64,19,0,11,4,2022-12-09
Queencard,(G)I-DLE,1,451,33,96273746,10,126,7,0,82,69,83,3,0,27,5,2023-05-15
Question...?,Taylor Swift,1,1608,0,223064273,10,3,12,0,75,11,50,20,0,30,17,2022-10-21
"Quevedo: Bzrp Music Sessions, Vol. 52","Bizarrap, Quevedo",2,8506,45,1356565093,94,65,164,14,62,55,78,1,3,23,4,2022-07-06
Qu�� Ago,"Yuridia, Angela Aguilar",2,660,15,236857112,19,59,18,5,73,88,57,56,0,5,2,2022-10-20
Qu�� M��,"J Balvin, Maria Becerra",2,8087,0,720825549,92,34,131,0,89,77,82,3,0,17,11,2021-01-28
RAPSTAR,Polo G,1,4731,0,797402345,141,12,78,0,79,44,54,41,0,13,24,2021-04-09
REMIX EXCLUSIVO,Feid,1,1235,9,117206995,20,8,15,0,65,71,56,4,0,15,20,2023-03-17
RUMBAT�,Daddy Yankee,1,1264,0,157990698,20,4,52,0,69,90,91,6,0,35,4,2022-03-25
Radio,Lana Del Rey,1,9389,46,284819874,24,122,282,3,42,20,86,21,0,9,9,2011-01-01
Raindrops (Insane) [with Travis Scott],"Travis Scott, Metro Boomin",2,880,0,110649992,3,7,10,0,80,15,54,9,0,38,5,2022-12-02
Rara Vez,"Taiu, Milo j",2,893,38,248088961,19,23,24,3,84,96,71,18,0,34,17,2023-02-08
"Rauw Alejandro: Bzrp Music Sessions, Vol. 56","Rauw Alejandro, Bizarrap",2,871,32,66902503,25,59,32,5,78,59,65,10,0,26,5,2023-06-21
Red Ruby Da Sleeze,Nicki Minaj,1,1168,0,81419389,45,11,20,0,70,29,73,12,0,11,26,2023-03-03
Reminder,The Weeknd,1,6518,17,684675814,45,85,238,1,71,40,50,16,0,16,22,2016-11-25
"Residente: Bzrp Music Sessions, Vol. 49","Residente, Bizarrap",2,461,0,94616487,7,11,13,0,59,70,74,56,0,11,40,2022-03-03
Revenge,XXXTENTACION,1,3600,11,1022258230,7,0,203,0,75,18,25,78,0,11,26,2017-08-25
Rich - Interlude,Kendrick Lamar,1,1103,0,41210087,0,0,0,0,44,74,42,88,0,9,9,2022-05-13
Rich Flex,"Drake, 21 Savage",2,4657,18,573633020,84,84,42,0,56,42,52,5,0,36,24,2022-11-04
Rich Spirit,Kendrick Lamar,1,3486,0,173702135,20,10,33,0,85,41,43,39,0,12,21,2022-05-13
Right On,Lil Baby,1,1116,0,101780047,31,9,15,0,70,22,61,2,0,10,34,2022-04-08
Riptide,Vance Joy,1,31123,55,2009094673,300,65,,1,48,50,73,43,0,15,4,1975-01-01
Rockin' Around The Christmas Tree,Brenda Lee,1,14994,0,769213520,191,168,206,0,70,85,41,71,0,45,5,1958-01-01
Rolling in the Deep,Adele,1,35684,6,1472799873,195,125,,2,73,52,76,13,0,5,3,2010-11-29
Romantic Homicide,d4vd,1,2335,23,681583126,82,55,50,0,56,20,55,45,1,32,3,2022-07-20
Rosa Pastel,"Jasiel Nu��ez, Peso P",2,200,4,90025258,8,77,2,1,70,86,68,24,0,11,4,2023-02-02
Rumble,"Skrillex, Flowdan, Fred again..",3,2849,0,78489819,39,45,27,0,81,6,84,5,23,6,6,2022-01-17
Run BTS,BTS,1,736,0,330881149,5,132,17,0,72,70,82,2,0,4,17,2022-06-10
Run Rudolph Run - Single Version,Chuck Berry,1,8612,0,245350949,120,30,52,0,69,94,71,79,0,7,8,1958-01-01
Running Up That Hill (A Deal With God),Kate Bush,1,21811,0,1024858327,117,1,676,3,63,20,55,72,0,6,6,1985-09-16
Rush,Troye Sivan,1,864,78,22581161,71,135,50,1,74,35,84,0,0,11,6,2023-07-13
S-Class,Stray Kids,1,290,19,65496046,9,101,5,0,89,67,78,9,0,7,33,2023-06-02
S91,Karol G,1,525,41,16011326,34,115,39,6,86,42,72,59,0,9,19,2023-07-14
SABOR FRESA,Fuerza Regida,1,250,26,78300654,16,149,10,5,79,96,86,9,0,9,9,2023-06-22
SLOW DANCING IN THE DARK,Joji,1,10211,0,1122364376,38,79,65,0,52,28,48,54,1,19,3,2018-09-12
SNAP,Rosa Linn,1,3202,18,726307468,148,80,226,24,56,53,64,11,0,45,6,2022-03-19
SORRY NOT SORRY,"Tyler, The Creator",2,709,0,58473276,8,1,13,0,48,50,80,40,0,37,20,2023-03-31
SOS,SZA,1,827,0,73981293,6,18,1,0,51,51,66,67,0,9,23,2022-12-09
SPACE MAN,Sam Ryder,1,1329,0,54682594,42,51,32,0,47,33,83,18,0,10,5,2022-02-22
SPIT IN MY FACE!,ThxSoMch,1,629,14,303216294,32,3,9,0,73,65,79,5,2,11,6,2022-10-31
STAR WALKIN' (League of Legends Worlds Anthem),Lil Nas X,1,2616,0,332506354,113,17,208,0,64,31,72,15,0,9,5,2022-09-22
STAY (with Justin Bieber),"Justin Bieber, The Kid Laroi",2,17050,36,,492,99,798,31,59,48,76,4,0,10,5,2021-07-09
STAYING ALIVE (feat. Drake & Lil Baby),"Drake, DJ Khaled, Lil Baby",3,2107,0,170732845,51,1,50,0,72,18,46,7,0,28,8,2022-08-05
SUPERMODEL,M��ne,1,2265,0,231657891,93,12,173,11,64,80,88,0,0,12,6,2022-05-13
Sacrifice,The Weeknd,1,4440,0,326792833,81,77,133,0,70,91,79,3,0,7,10,2022-01-07
Sad Girlz Luv Money Remix (feat. Kali Uchis),"Kali Uchis, Amaarae, Moliy",3,3643,0,354065229,69,3,70,0,86,31,53,43,0,11,6,2021-09-16
Salimo de Noche,"Trueno, Tiago pzk",2,1057,0,261414174,17,5,21,0,67,78,63,29,0,12,5,2021-10-21
San Lucas,Kevin Kaarl,1,407,1,244891912,5,0,5,0,58,27,36,86,0,9,3,2019-11-07
Santa Tell Me,Ariana Grande,1,9408,0,834129063,231,106,439,0,46,53,63,5,0,30,18,2013-12-13
Satellite,Harry Styles,1,3291,5,311482393,43,28,79,0,58,30,46,14,0,9,3,2022-05-20
Save Your Tears,The Weeknd,1,12688,13,1591223784,197,115,112,0,68,61,82,2,0,50,3,2020-03-20
Save Your Tears (with Ariana Grande) (Remix),"Ariana Grande, The Weeknd",2,9161,5,1221813483,240,98,468,3,65,63,79,3,0,10,3,2020-03-20
Savior,"Kendrick Lamar, Sam Dew, Baby Keem",3,2291,0,86176890,9,0,8,0,61,66,71,53,0,32,46,2022-05-13
Savior - Interlude,Kendrick Lamar,1,1194,0,37091576,0,0,3,0,66,83,43,84,0,19,19,2022-05-13
Say Yes To Heaven,Lana Del Rey,1,2000,46,127567540,49,105,63,1,49,17,35,71,9,11,3,2023-03-17
Say You Won't Let Go,James Arthur,1,15722,16,,231,37,,0,40,45,56,69,0,9,5,2016-09-09
Se Le Ve,"Arcangel, De La Ghetto, Justin Quiles, Lenny Tav��rez, Sech, Dalex, Dimelo Flow, Rich Music",8,1560,0,223319934,72,0,0,0,56,61,76,10,0,14,11,2021-08-12
Search & Rescue,Drake,1,2066,6,175097833,58,70,43,0,82,54,44,6,0,33,7,2023-04-07
See You Again,"Tyler, The Creator, Kali Uchis",3,13387,64,1047101291,77,58,247,1,56,58,56,37,0,11,10,2017-07-21
Seek & Destroy,SZA,1,1007,0,98709329,5,31,1,0,65,35,65,44,18,21,7,2022-12-09
Self Love (Spider-Man: Across the Spider-Verse) (Metro Boomin & Coi Leray),"Metro Boomin, Coi Leray",2,332,5,70106975,18,41,5,0,78,5,30,21,0,13,5,2023-06-02
Selfish,PnB Rock,1,2468,0,380319238,15,0,0,0,64,4,60,11,0,19,4,2016-06-23
Sem Alian��a no,"MC Xenon, Os Gemeos da Putaria",2,454,4,93587665,6,1,21,0,53,40,36,73,0,11,33,2022-12-23
Set Fire to the Rain,Adele,1,14739,43,1163620694,88,112,,5,61,47,68,0,0,13,3,2011-01-01
Set Me Free Pt.2,Jimin,1,340,13,168448603,4,71,16,1,59,56,82,12,0,12,6,2023-03-17
Seu Brilho Sumiu - Ao Vivo,"Israel & Rodolffo, Mari Fernandez",2,967,5,138517666,7,29,51,1,63,75,92,31,0,91,5,2023-03-01
Seven (feat. Latto) (Explicit Ver.),"Latto, Jung Kook",2,553,147,141381703,43,263,45,10,80,89,83,31,0,8,4,2023-07-14
"Sex, Drugs, Etc.",Beach Weather,1,3006,16,480507035,47,60,87,12,57,47,84,1,1,52,4,2016-11-04
Se��o,"Shawn Mendes, Camila Cabello",2,15010,2,,453,50,,1,76,77,52,4,0,8,3,2019-06-19
Shake It Off,Taylor Swift,1,21335,13,1113838873,328,70,,9,65,95,80,5,0,41,16,2014-01-01
"Shakira: Bzrp Music Sessions, Vol. 53","Shakira, Bizarrap",2,5724,44,721975598,119,108,254,29,78,50,63,27,0,9,5,2023-01-11
Shallow,"Lady Gaga, Bradley Cooper",2,16636,12,,368,155,,6,57,30,40,38,0,26,3,2018-09-27
Shape of You,Ed Sheeran,1,32181,10,,33,0,,7,83,93,65,58,0,9,8,2017-01-06
Shirt,SZA,1,3469,0,309653982,71,95,31,0,82,55,45,15,3,9,10,2022-10-28
Shivers,Ed Sheeran,1,10147,30,1302184087,234,71,543,18,79,82,86,28,0,4,9,2021-09-09
Shoong! (feat. LISA of BLACKPINK),"TAEYANG, Lisa",2,351,9,76910644,16,90,10,0,76,26,70,1,0,41,6,2023-04-25
Shorty Party,"Cartel De Santa, La Kelly",2,432,12,162887075,8,14,12,2,93,47,47,33,0,10,36,2023-03-04
Shut Down,BLACKPINK,1,1524,17,482175240,53,120,62,0,82,67,69,0,0,18,4,2022-09-16
Shut up My Moms Calling,Hotel Ugly,1,1788,14,405136812,1,50,19,0,48,37,41,32,0,10,10,2020-02-10
Shut up My Moms Calling - (Sped Up),Hotel Ugly,1,713,7,181831132,2,4,6,0,65,36,47,31,0,12,10,2022-09-14
Si Quieren Frontear,"De La Ghetto, Duki, Quevedo",3,859,0,178512385,14,0,11,0,79,48,84,13,0,21,23,2022-03-31
Si Te La Encuentras Por Ah�,Feid,1,1379,4,179061440,23,10,18,0,74,46,58,15,0,13,8,2022-08-05
Sial,Mahalini,1,134,4,166570053,4,6,0,0,56,20,43,89,0,12,4,2023-01-23
Siempre Pendientes,"Peso Pluma, Luis R Conriquez",2,685,5,295152154,15,79,4,2,77,71,75,33,1,13,4,2022-08-15
Sigue,"Ed Sheeran, J Balvin",2,1370,0,106933107,46,8,60,0,89,59,64,5,0,19,7,1996-11-24
Silent Hill,"Kendrick Lamar, Kodak Black",2,3028,0,123216717,22,0,23,0,92,78,57,46,0,14,9,2022-05-13
Sin Se��,"Ovy On The Drums, Quevedo",2,1097,2,209106362,18,10,13,1,82,75,85,33,1,11,4,2022-07-22
Sky,Playboi Carti,1,3297,3,506778838,25,3,52,0,79,56,91,26,0,13,21,2020-12-25
Sleigh Ride,The Ronettes,1,10114,0,404664135,114,74,262,0,53,84,77,40,0,32,3,1963-11-22
SloMo,Chanel,1,1211,0,65719930,31,0,19,0,73,59,81,13,0,9,6,2021-12-24
Slut Me Out,NLE Choppa,1,816,4,190490915,21,4,13,0,94,71,61,12,0,53,42,2022-04-22
Smells Like Teen Spirit - Remastered 2021,Nirvana,1,49991,9,1690192927,265,121,,4,52,73,91,0,0,11,7,1991-09-10
Smokin Out The Window,"Bruno Mars, Anderson .Paak, Silk Sonic",3,4963,0,383550148,63,40,76,0,63,85,62,6,0,35,4,2021-11-05
Smoking on my Ex Pack,SZA,1,811,0,57144458,6,11,3,0,47,33,68,24,0,22,38,2022-12-09
Snooze,SZA,1,2839,25,399686758,58,156,42,1,56,39,55,14,0,11,13,2022-12-09
Snow On The Beach (feat. Lana Del Rey),"Taylor Swift, Lana Del Rey",2,2415,0,323437194,33,57,30,0,66,19,32,69,0,12,4,2022-10-21
Snow On The Beach (feat. More Lana Del Rey),"Lana Del Rey, Taylor Swift",2,359,2,60350538,1,0,9,0,66,32,40,81,0,11,3,2023-05-26
Snowman,Sia,1,5140,0,690104769,85,110,500,0,72,33,51,48,0,9,3,2017-01-01
So Good,Halsey,1,1057,0,91781263,51,14,19,0,63,29,62,4,0,18,4,2022-06-09
Sobrio,Maluma,1,3506,10,513643924,103,76,100,1,76,63,77,14,0,15,22,2021-07-08
Softcore,The Neighbourhood,1,3947,12,599770206,33,102,93,0,57,36,58,5,0,15,3,2018-03-09
Somebody That I Used To Know,"Gotye, Kimbra",2,42798,0,1457139296,217,136,,1,86,75,52,54,0,10,4,2011-01-01
Someone You Loved,Lewis Capaldi,1,17836,53,,440,125,,0,50,45,41,75,0,11,3,2018-11-08
Something In The Way - Remastered 2021,Nirvana,1,9514,0,368646862,45,27,,0,44,8,20,74,42,11,3,1991-09-24
Something Just Like This,"The Chainsmokers, Coldplay",2,23375,21,,336,188,,3,61,47,65,3,0,17,4,2017-02-22
Something in the Orange,Zach Bryan,1,3282,12,449701773,67,84,46,16,59,22,38,42,0,12,3,2022-04-22
Somewhere Only We Know,Keane,1,20015,16,1089402494,107,69,,0,45,33,59,6,0,8,3,2004-01-01
Soy El Unico,Yahritza Y Su Esencia,1,226,0,126443991,5,0,4,0,71,63,45,45,0,11,3,2022-03-25
Space Song,Beach House,1,17852,4,789753877,69,76,335,0,51,62,79,22,13,14,3,2015-01-01
Sparks,Coldplay,1,10826,4,624101957,24,0,805,0,37,17,27,75,5,10,3,2000-07-10
Special,SZA,1,906,0,88092256,6,21,3,0,60,19,20,78,0,11,5,2022-12-09
Spin Bout U,"Drake, 21 Savage",2,1652,2,198365537,26,52,10,0,77,20,70,1,0,16,5,2022-11-04
Sprinter,"Dave, Central Cee",2,2186,91,183706234,67,213,88,17,92,66,58,19,0,8,24,2023-06-01
Stan,"Eminem, Dido",2,17115,0,918915401,83,63,,0,78,53,74,4,0,45,21,1999-11-21
Stand By Me (feat. Morgan Wallen),"Lil Durk, Morgan Wallen",2,381,5,46065667,23,82,6,0,76,61,58,6,0,16,3,2023-05-26
Starboy,"The Weeknd, Daft Punk",2,29536,79,,281,137,,1,68,49,59,16,0,13,28,2016-09-21
Stargirl Interlude,"The Weeknd, Lana Del Rey",2,1275,32,611700552,13,8,5,0,59,52,48,38,5,10,11,2016-11-24
Starlight,Dave,1,1856,3,229473310,29,40,31,1,95,36,37,35,0,10,28,2022-03-03
Starry Eyes,The Weeknd,1,1014,0,74601456,1,17,11,0,28,13,41,50,0,19,3,2022-01-07
Static,Steve Lacy,1,1613,0,202452860,21,15,13,0,34,22,31,43,63,10,7,2022-07-15
Stay Alive (Prod. SUGA of BTS),Jung Kook,1,590,5,246376690,4,113,20,0,51,50,76,30,0,10,7,2022-02-11
"Stay With Me (with Justin Timberlake, Halsey, & Pharrell)","Calvin Harris, Halsey, Pharrell Williams, Justin Timberlake",4,3113,0,123473120,54,6,124,1,81,90,73,28,0,29,4,2022-07-15
Stefania (Kalush Orchestra),KALUSH,1,555,0,53729194,10,4,4,0,83,32,82,14,0,12,4,2022-03-10
Sticky,Drake,1,2814,0,191448892,38,105,25,0,88,8,49,9,0,9,14,2022-06-17
Still D.R.E.,"Dr. Dre, Snoop Dogg",2,33966,0,1210599487,141,78,,1,81,53,78,18,0,6,24,1999-01-01
Still Don't Know My Name,Labrinth,1,6332,0,563902868,47,116,266,0,31,31,63,47,27,21,12,2019-10-04
Still Life,BIGBANG,1,181,0,53909146,16,14,7,0,68,24,58,44,0,6,3,2022-04-05
Still With You,Jung Kook,1,31,39,38411956,2,107,8,0,53,34,47,9,0,83,4,2020-06-05
Streets,Doja Cat,1,5728,0,865640097,85,87,179,0,75,19,46,21,4,34,8,2019-11-07
Style,Taylor Swift,1,7830,42,786181836,94,111,151,4,60,48,79,0,0,12,4,2014-01-01
Sugar Rush Ride,TOMORROW X TOGETHER,1,359,0,107642809,12,56,13,0,71,83,89,1,0,17,9,2023-01-27
Summertime Sadness,Lana Del Rey,1,20333,52,983637508,89,143,,3,56,24,66,7,0,12,3,2011-01-01
Sunflower - Spider-Man: Into the Spider-Verse,"Post Malone, Swae Lee",2,24094,78,,372,117,843,4,76,91,50,54,0,7,5,2018-10-09
Sunroof,"Nicky Youre, Dazy",2,3741,17,652704649,156,35,110,19,77,84,71,35,0,15,4,2021-12-03
Super,SEVENTEEN,1,271,12,91221625,16,103,9,0,77,35,88,16,0,17,9,2023-04-24
Super Freaky Girl,Nicki Minaj,1,4827,0,428685680,104,17,76,9,95,91,89,6,0,31,24,2022-08-12
Super Gremlin,Kodak Black,1,2551,0,342779426,52,15,35,0,83,11,41,0,0,36,14,2021-10-30
Super Shy,NewJeans,1,422,55,58255150,37,202,21,5,78,52,82,18,0,15,7,2023-07-07
Superhero (Heroes & Villains) [with Future & Chris Brown],"Future, Chris Brown, Metro Boomin",3,2959,16,401036314,41,69,38,0,72,45,59,14,0,20,21,2022-12-02
Superman,"Eminem, Dina Rae",2,7615,14,655466831,18,51,,0,80,64,76,2,0,20,6,2002-05-26
Sure Thing,Miguel,1,13801,19,950906471,137,125,435,6,68,51,60,3,0,19,10,2010-05-25
Surface Pressure,Jessica Darrow,1,1756,0,267758538,38,48,20,0,65,37,58,2,0,4,31,2021-11-19
Sweater Weather,The Neighbourhood,1,16413,61,,166,87,,1,61,41,81,5,2,10,3,2012-05-14
Sweet Child O' Mine,Guns N' Roses,1,41231,1,1553497987,228,151,,3,45,67,90,9,11,10,5,1987-01-01
Sweet Nothing,Taylor Swift,1,1747,0,186104310,9,6,13,0,34,39,16,97,0,12,5,2022-10-21
Sweetest Pie,"Dua Lipa, Megan Thee Stallion",2,3501,0,299634472,69,2,51,11,81,68,63,17,0,10,22,2022-03-11
Swim,Chase Atlantic,1,2742,0,498960285,5,1,62,0,67,8,54,27,0,8,4,2017-10-04
S��,"Anuel Aa, Myke Towers, Jhay Cortez",3,903,0,177129919,30,26,15,0,63,75,75,17,0,11,8,2021-11-18
THATS WHAT I WANT,Lil Nas X,1,7963,0,920797189,173,7,298,0,74,55,85,1,0,5,22,2021-09-17
THE LONELIEST,M��ne,1,1585,5,225093344,78,65,328,1,52,24,60,0,0,8,3,2022-10-07
THE SHADE,Rex Orange County,1,1189,6,244928911,17,10,16,0,90,73,51,39,0,9,6,2022-03-11
TO THE MOON,Jnr Choi,1,2979,0,245095641,44,0,159,0,74,39,65,5,1,11,35,2021-11-05
TQG,"Karol G, Shakira",2,4284,49,618990393,115,123,184,18,72,61,63,67,0,9,28,2023-02-23
TQM,Fuerza Regida,1,584,28,176553476,16,159,15,6,79,96,85,27,0,11,6,2023-05-19
TRUSTFALL,P!nk,1,2098,16,134255790,88,24,101,7,64,25,89,0,0,15,9,2023-01-27
TULUM,"Peso Pluma, Grupo Frontera",2,266,34,52294266,20,185,13,8,56,63,87,39,0,11,5,2023-06-28
TUS L��GR,"Sech, Mora",2,1308,2,184622518,23,16,9,0,68,45,71,18,0,11,25,2022-04-01
TV,Billie Eilish,1,3009,2,338564981,68,89,65,0,41,9,25,84,1,14,4,2022-07-21
Tacones Rojos,Sebastian Yatra,1,3047,9,510876816,77,31,85,5,75,93,86,8,0,14,3,2021-10-22
Tak Ingin Usai,Keisya Levronka,1,220,4,184807630,16,5,0,0,49,14,40,82,0,11,3,2022-05-13
Tak Segampang Itu,Anggi Marito,1,213,6,179659294,7,6,0,0,51,18,44,76,0,11,3,2022-12-02
Take Me To Church,Hozier,1,23804,31,2135158446,187,99,,1,57,41,66,63,0,12,5,2013-09-13
Take My Breath,The Weeknd,1,6392,0,432702334,174,73,344,0,75,53,74,2,0,11,5,2021-08-06
Take On Me,a-ha,1,44927,17,1479115056,34,0,,6,57,86,90,2,0,9,5,1984-10-19
Take Two,BTS,1,674,47,118482347,20,106,25,4,62,57,59,3,0,38,3,2023-06-09
Talk,YEAT,1,920,0,148461629,10,1,8,0,70,26,76,8,0,54,23,2022-09-02
Talk that Talk,TWICE,1,615,0,189476119,14,77,15,1,77,78,91,14,0,33,12,2022-08-26
Talking To The Moon,Bruno Mars,1,7109,2,1062956628,5,0,862,0,52,7,61,51,0,11,3,2010-10-04
Tarot,"Bad Bunny, Jhay Cortez",2,2482,20,608228647,27,77,22,2,80,42,68,2,0,66,4,2022-05-06
Tattoo,Loreen,1,2988,59,201660859,74,102,145,18,55,30,78,24,0,12,8,2023-02-25
Te Felicito,"Shakira, Rauw Alejandro",2,4796,9,606361689,124,66,212,13,70,57,64,23,0,8,32,2022-04-21
That That (prod. & feat. SUGA of BTS),"PSY, Suga",2,802,0,212109195,16,81,23,0,91,91,96,3,0,3,9,2022-04-29
That's Hilarious,Charlie Puth,1,686,2,146363130,11,6,12,0,71,55,44,74,0,11,6,2022-04-08
The Astronaut,Jin,1,481,9,203436468,10,100,15,1,54,22,76,0,0,14,3,2022-10-28
The Business,Ti��,1,14311,0,1062345656,255,32,582,0,80,24,62,41,2,11,23,2020-01-01
The Christmas Song (Merry Christmas To You) - Remastered 1999,Nat King Cole,1,11500,0,389771964,140,72,251,0,36,22,15,84,0,11,4,1946-11-01
The Color Violet,Tory Lanez,1,2585,32,415932686,3,79,21,1,65,46,53,16,0,9,5,2021-12-10
The Family Madrigal,"Olga Merediz, Stephanie Beatriz, Encanto - Cast",3,1150,0,184937148,20,38,12,0,59,56,63,12,0,6,36,2021-11-19
The Feels,TWICE,1,1150,0,345903614,20,99,44,0,81,92,90,9,0,8,7,2021-10-01
The Great War,Taylor Swift,1,1274,0,181382590,1,6,11,0,57,55,74,22,0,8,4,2022-10-21
The Heart Part 5,Kendrick Lamar,1,2939,0,71423324,29,0,30,0,76,79,81,18,0,6,34,2022-05-08
The Hills,The Weeknd,1,25744,4,1947371785,122,94,,0,36,12,57,9,0,14,8,2015-05-27
The Joker And The Queen (feat. Taylor Swift),"Ed Sheeran, Taylor Swift",2,1430,0,146789379,46,1,34,0,53,31,31,92,0,28,3,2022-02-11
The Motto,"Ti��sto, Ava",2,9151,6,656013912,240,107,268,0,75,46,76,3,0,9,4,2021-11-04
The Next Episode,"Dr. Dre, Snoop Dogg",2,31762,0,843309044,142,40,,1,92,31,89,3,0,8,25,1999-01-01
The Night We Met,Lord Huron,1,18515,35,1410088830,70,82,939,1,45,10,37,97,25,64,4,2015-02-02
The Nights,Avicii,1,17354,8,1456081449,92,122,,0,53,66,85,2,0,24,4,2014-01-01
The Real Slim Shady,Eminem,1,20763,27,1424589568,81,53,,1,95,78,66,3,0,4,6,2000-01-01
The Rumbling (TV Size),SiM,1,254,0,71014967,0,4,23,0,41,65,88,0,0,26,5,2022-01-10
The Scientist,Coldplay,1,30992,6,1608164312,124,25,,1,56,21,44,73,0,11,2,2002-08-05
There's Nothing Holdin' Me Back,Shawn Mendes,1,12382,0,1714490998,229,57,,2,86,97,80,36,0,9,6,2016-09-23
Thinking Out Loud,Ed Sheeran,1,33032,0,,363,129,,0,78,58,45,47,0,18,3,2014-01-01
Thinking with My Dick,"Kevin Gates, Juicy J",2,1550,0,109091573,0,0,14,0,77,68,70,6,0,17,20,2013-07-16
Thinkin��� B,Morgan Wallen,1,604,6,125917280,22,101,0,0,66,43,76,49,0,12,3,2023-03-03
This Love (Taylor���s Ve,Taylor Swift,1,1492,0,132171975,26,2,15,0,47,7,50,32,0,7,4,2022-05-06
Those Eyes,New West,1,1507,14,411747614,24,71,44,1,60,24,35,73,0,31,3,2019-05-10
Thought You Should Know,Morgan Wallen,1,968,4,203221468,16,53,1,0,53,51,70,49,0,14,3,2022-05-06
Thousand Miles,The Kid Laroi,1,2050,0,244741137,52,9,46,0,38,20,66,9,0,9,8,2022-04-22
Thunder,"Prezioso, Gabry Ponte, LUM!X",3,4846,10,422691058,54,16,259,0,67,40,90,3,0,34,6,2021-05-07
"Tiago PZK: Bzrp Music Sessions, Vol. 48","Bizarrap, Tiago pzk",2,1678,12,374191487,20,4,15,1,66,76,82,47,0,10,32,2021-12-29
Titi Me Pregunt�,Bad Bunny,1,9037,42,1264310836,124,133,139,14,65,19,72,10,0,13,25,2022-05-06
Todo De Ti,Rauw Alejandro,1,11975,8,1168642797,188,75,268,6,81,57,63,40,1,10,4,2020-11-02
Tom's Diner,"AnnenMayKantereit, Giant Rooks",2,2605,0,236872197,15,48,50,0,68,33,43,38,0,36,14,2019-06-28
Too Late,SZA,1,714,0,49262961,0,9,2,0,45,35,68,78,0,39,8,2022-12-08
Too Many Nights (feat. Don Toliver & with Future),"Future, Metro Boomin, Don Toliver",3,2110,58,286400165,17,119,19,2,68,17,71,15,0,11,5,2022-12-02
Tormenta (feat. Bad Bunny),"Gorillaz, Bad Bunny",2,1529,0,149778242,32,18,39,2,64,30,77,46,0,38,6,2023-02-24
Toxic,BoyWithUke,1,1795,0,582981380,34,23,118,0,59,69,61,84,0,46,36,2021-09-10
Trance (with Travis Scott & Young Thug),"Travis Scott, Young Thug, Metro Boomin",3,1682,46,276259178,24,90,30,1,75,48,53,18,0,18,34,2022-12-02
True Love,"Kanye West, XXXTENTACION",2,2129,0,194902696,23,1,44,1,71,39,86,2,0,51,25,2022-05-27
Tubar��o Te,"Dj LK da Esc��cia, Tchakabum, mc jhenny, M",4,1003,0,116144341,21,0,44,0,89,48,74,30,0,7,36,2022-09-28
Typa Girl,BLACKPINK,1,452,10,235549288,2,129,13,0,92,53,62,7,0,63,10,2022-09-16
T��,"dennis, MC Kevin o Chris",2,731,15,111947664,27,17,73,4,86,59,96,50,1,9,5,2023-05-04
ULTRA SOLO,"Polima WestCoast, Pailita",2,1367,0,307752576,48,4,34,1,80,26,85,23,0,11,21,2022-02-14
ULTRA SOLO REMIX,"De La Ghetto, Feid, Polima WestCoast, Paloma Mami, Pailita",5,2341,0,279717388,37,2,38,2,91,59,82,8,0,6,8,2022-06-16
UNFORGIVEN (feat. Nile Rodgers),"Nile Rodgers, LE SSERAFIM",2,327,13,92035115,14,110,9,0,80,38,88,11,0,11,5,2023-05-01
Un Coco,Bad Bunny,1,1029,28,403231558,5,28,9,0,84,74,69,21,0,18,6,2022-05-06
Un Finde | CROSSOVER #2,"Big One, FMK, Ke personajes",3,561,14,142095275,4,14,12,5,50,85,52,11,0,28,6,2023-04-04
Un Ratito,Bad Bunny,1,1112,6,417230415,7,30,13,1,79,22,55,31,0,12,5,2022-05-06
Un Verano Sin Ti,Bad Bunny,1,1004,1,283332261,8,12,9,0,50,41,50,69,0,12,6,2022-05-06
Una Noche en Medell�,Cris Mj,1,5415,32,682475162,46,16,53,1,87,82,53,10,0,5,8,2022-01-21
Under The Influence,Chris Brown,1,3859,26,929964809,133,181,3,0,73,31,69,6,0,11,4,2019-10-04
Underneath the Tree,Kelly Clarkson,1,6596,0,485285717,144,99,251,0,51,69,81,0,0,21,5,2013-10-25
Unholy (feat. Kim Petras),"Sam Smith, Kim Petras",2,8576,42,1230675890,216,108,331,26,71,24,47,1,0,27,9,2022-09-22
United In Grief,Kendrick Lamar,1,2575,0,156898322,4,5,12,0,52,32,83,24,0,17,43,2022-05-13
Unstoppable,Sia,1,7681,13,939844851,119,66,,2,47,27,78,11,0,10,8,2016-01-21
Until I Found You,Stephen Sanchez,1,4427,4,726434358,69,100,154,20,34,25,51,69,0,18,4,2021-09-01
Until I Found You (with Em Beihold) - Em Beihold Version,"Em Beihold, Stephen Sanchez",2,2790,30,600976848,60,96,71,0,34,32,57,78,0,20,3,2022-04-22
Used (feat. Don Toliver),"SZA, Don Toliver",2,1042,0,94005786,7,29,3,0,73,71,69,53,0,32,9,2022-12-08
VAGABUNDO,"Sebastian Yatra, Manuel Turizo, Be��",3,1094,34,90839753,40,58,47,8,82,89,85,4,0,23,6,2023-05-12
VIBE (feat. Jimin of BTS),"TAEYANG, Jimin",2,415,2,152850295,15,40,21,1,79,60,68,7,0,26,4,2023-01-13
VOID,Melanie Martinez,1,596,0,67070410,29,9,12,0,72,42,66,18,4,19,4,2023-03-29
Vai L�� Em Casa,"Mar��lia Mendon��a, George Henrique &",2,772,0,263894529,7,3,89,0,46,62,83,53,0,97,28,2021-10-22
Vampiro,"Matu��, Wiu,",3,540,4,187772591,26,3,39,0,78,63,64,1,0,7,4,2022-01-30
Vegas (From the Original Motion Picture Soundtrack ELVIS),Doja Cat,1,4576,0,448500832,79,13,93,0,80,74,60,8,0,14,26,2022-05-06
Vigilante Shit,Taylor Swift,1,1948,0,253650850,12,9,16,0,80,16,28,17,0,12,39,2022-10-21
"Villano Antillano: Bzrp Music Sessions, Vol. 51","Bizarrap, Villano Antillano",2,1401,0,248511839,26,16,17,0,82,42,75,6,0,63,6,2022-06-08
Vista Al Mar,Quevedo,1,1769,34,362361576,16,19,21,3,76,49,56,80,12,10,13,2022-09-08
Viva La Vida,Coldplay,1,33898,62,1592909789,233,0,,9,49,42,62,9,0,11,3,2008-01-01
Volando - Remix,"Sech, Bad Bunny, Mora",3,3272,19,610045621,101,34,70,1,66,63,69,21,0,11,7,2021-07-08
Volv�,"Aventura, Bad Bunny",2,5375,10,673801126,138,24,133,0,73,79,86,42,0,7,18,2021-08-03
WAIT FOR U (feat. Drake & Tems),"Drake, Future, Tems",3,5491,14,556585270,128,84,75,0,46,34,64,31,0,7,34,2022-04-27
WANDA,Quevedo,1,888,22,175399345,11,24,7,1,72,96,63,25,0,21,7,2023-01-20
WHERE SHE GOES,Bad Bunny,1,3133,50,303236322,84,133,87,15,65,23,80,14,63,11,6,2023-05-18
WORTH NOTHING,"Twisted, Oliver Tree",2,1612,0,213438580,34,54,34,0,58,17,62,18,0,20,8,2022-09-28
Wait a Minute!,Willow,1,11985,0,924193303,79,80,250,3,76,63,71,3,0,10,3,2015-01-11
Wake Me Up - Radio Edit,Avicii,1,50887,34,1970673297,315,160,,1,53,66,78,0,0,16,5,2013-01-01
Watch This - ARIZONATEARS Pluggnb Remix,"sped up nightcore, ARIZONATEARS, Lil Uzi Vert",3,1638,10,207033255,0,0,21,0,69,36,90,1,10,15,4,2023-02-05
Watermelon Sugar,Harry Styles,1,21915,34,,437,115,,12,55,56,82,12,0,34,5,2019-11-17
Way 2 Sexy (with Future & Young Thug),"Drake, Future, Young Thug",3,5481,0,489945871,144,30,86,0,80,33,60,0,0,32,14,2021-09-03
We Cry Together,"Kendrick Lamar, Taylour Paige",2,1635,0,68895644,4,1,6,0,65,52,69,31,0,8,36,2022-05-13
We Don't Talk About Bruno,"Adassa, Mauro Castillo, Stephanie Beatriz, Encanto - Cast, Rhenzy Feliz, Diane Guerrero, Carolina Gaitan",7,2785,0,432719968,95,89,44,0,58,83,45,36,0,11,8,2021-11-19
We Found Love,"Rihanna, Calvin Harris",2,36843,21,1235005533,321,91,,1,73,60,77,3,0,11,4,2011-01-01
What Else Can I Do?,"Stephanie Beatriz, Diane Guerrero",2,802,0,154797871,13,27,8,0,72,54,71,26,0,10,4,2021-11-19
What It Is (Solo Version),Doechii,1,804,25,95131998,29,76,24,0,74,76,76,6,0,10,9,2023-03-17
When I R.I.P.,Labrinth,1,2578,0,203680270,8,67,66,0,39,45,55,73,0,9,21,2019-10-04
When I Was Your Man,Bruno Mars,1,2420,11,1661187319,0,0,806,0,60,43,27,94,0,14,4,2012-12-05
When I���m Gone (with Katy,"Katy Perry, Alesso",2,3270,0,226897599,89,21,65,0,69,70,89,4,0,49,3,2021-12-29
When You're Gone,Shawn Mendes,1,2092,0,255120451,75,11,44,0,60,58,69,2,0,58,4,2022-03-31
Where Are You Now,"Lost Frequencies, Calum Scott",2,10565,44,972509632,238,122,557,17,67,26,64,52,0,17,10,2021-07-30
Where Did You Go?,"MNEK, Jax Jones",2,4531,0,300983101,135,74,119,1,77,53,78,19,0,29,4,2022-01-26
White Christmas,"Bing Crosby, John Scott Trotter & His Orchestra, Ken Darby Singers",3,11940,0,395591396,73,79,123,0,23,19,25,91,0,40,3,1942-01-01
Why'd You Only Call Me When You're High?,Arctic Monkeys,1,23389,29,1267333350,54,70,,2,70,81,63,4,0,8,4,2013-01-01
Wild Flower (with youjeen),RM,1,353,2,135611421,2,74,14,0,49,42,77,3,0,12,9,2022-12-02
With you,"HA SUNG WOON, Jimin",2,343,2,240580042,4,35,11,1,53,14,43,64,0,13,3,2022-04-24
Without Me,Eminem,1,21081,43,1687664027,98,76,,5,92,67,66,0,0,36,9,2002-01-01
Woman,Doja Cat,1,9424,0,1329090101,202,50,463,4,82,88,76,9,0,12,9,2021-06-25
Wonderful Christmastime - Edited Version / Remastered 2011,Paul McCartney,1,1685,0,403939487,1,0,29,0,75,74,58,36,0,9,3,1979-11-16
Worldwide Steppers,Kendrick Lamar,1,1480,0,61739839,1,0,5,0,56,56,47,76,0,8,36,2022-05-13
Worst Day,Future,1,910,0,50746620,20,3,24,0,65,60,60,11,0,10,40,2022-02-11
"Would've, Could've, Should've",Taylor Swift,1,1715,0,177503916,4,5,8,0,48,55,84,43,0,15,12,2022-10-21
X SI VOLVEMOS,"Karol G, Romeo Santos",2,2127,33,266624541,45,80,53,8,79,58,78,34,0,11,25,2023-02-02
X ��LTIMA,"Daddy Yankee, Bad Bunny",2,2697,1,349746291,55,3,32,0,81,59,83,9,0,11,5,2022-03-25
XQ Te Pones As�,"Yandel, Feid",2,308,0,47093942,6,1,6,0,81,48,70,13,0,15,7,2022-09-13
Ya No Somos Ni Seremos,Christian Nodal,1,866,16,319757142,27,84,32,7,59,73,45,44,0,34,3,2022-02-18
Yandel 150,"Yandel, Feid",2,3618,38,585695368,47,74,80,14,78,58,73,5,0,10,7,2022-12-20
Yellow,Chris Molitor,1,31358,43,1755214421,196,2,,5,43,28,66,0,0,23,3,1999-01-01
Yet To Come,BTS,1,829,0,302006641,32,110,26,0,56,68,89,4,0,33,19,2022-06-10
Yo No Soy Celoso,Bad Bunny,1,1179,0,313113297,7,21,11,0,87,93,59,28,0,17,5,2022-05-06
Yo Voy (feat. Daddy Yankee),Zion & Lennox,1,2954,2,527033089,18,82,0,0,81,56,70,4,0,5,24,2004-05-04
Yonaguni,Bad Bunny,1,9644,28,1260594497,120,86,164,4,64,44,65,28,0,14,12,2021-06-04
You Belong With Me (Taylor���s Ve,Taylor Swift,1,2619,12,350381515,47,90,1,0,63,49,73,5,0,9,3,2021-04-09
You Make It Feel Like Christmas (feat. Blake Shelton),"Gwen Stefani, Blake Shelton",2,2577,0,180577478,108,56,30,0,63,93,88,1,0,12,4,2005-09-20
You Proof,Morgan Wallen,1,2128,9,367814306,37,88,9,0,73,64,85,25,0,61,3,2022-05-13
You Right,"Doja Cat, The Weeknd",2,5073,0,672656250,83,9,100,0,83,44,62,2,0,8,6,2021-06-24
"You're On Your Own, Kid",Taylor Swift,1,2537,2,348647203,8,18,20,0,69,40,39,41,0,13,6,2022-10-21
ZOOM,Jessi,1,608,0,136996305,5,29,14,0,87,46,60,1,0,13,16,2022-04-13
Zona De Perigo,Leo Santana,1,531,4,134294498,20,1,71,2,81,97,77,75,0,35,3,2022-12-08
august,Taylor Swift,1,7324,22,607123776,25,81,61,1,51,42,61,53,0,9,3,2020-07-24
cardigan,Taylor Swift,1,7923,29,812019557,106,112,142,4,61,53,58,55,0,27,4,2020-07-24
ceilings,Lizzy McAlpine,1,3242,9,293186992,67,55,48,0,51,27,33,48,0,22,3,2022-04-08
c��mo dormi,Rels B,1,1452,35,331511413,16,15,20,0,63,56,43,24,0,12,23,2022-08-04
deja vu,Olivia Rodrigo,1,7545,4,1256880657,117,39,141,0,44,22,60,61,0,42,9,2021-04-01
die first,Nessa Barrett,1,767,0,131746175,25,0,22,0,44,44,67,7,0,12,13,2022-06-24
drivers license,Olivia Rodrigo,1,12685,3,1858144199,185,61,485,0,59,21,43,76,0,10,7,2021-01-08
family ties (with Kendrick Lamar),"Kendrick Lamar, Baby Keem",2,6308,5,560222750,114,15,63,0,71,14,61,1,0,23,33,2021-08-27
favorite crime,Olivia Rodrigo,1,3681,0,783706581,20,21,99,0,40,19,29,86,0,34,4,2021-05-21
fukumean,Gunna,1,1096,83,95217315,60,210,48,11,85,22,62,12,0,28,9,2023-05-15
golden hour,JVKE,1,4511,36,751134527,70,58,109,18,51,14,59,65,18,25,3,2022-07-15
good 4 u,Olivia Rodrigo,1,15563,6,1887039593,259,55,461,1,56,68,66,28,0,11,18,2021-05-14
happier,Olivia Rodrigo,1,3069,4,850608354,25,46,105,0,39,36,45,81,0,8,13,2021-05-21
"jealousy, jealousy",Olivia Rodrigo,1,3257,0,665765558,10,0,70,0,70,71,58,24,0,7,13,2021-05-21
love nwantiti (ah ah ah),Ckay,1,5669,2,726837877,74,0,262,14,74,53,73,61,0,13,4,2019-07-26
lovely - Bonus Track,"Billie Eilish, Khalid",2,15032,30,,221,96,,2,35,12,30,93,0,10,3,2017-08-11
on the street (with J. Cole),"j-hope, J. Cole",2,615,2,116599790,22,82,8,0,68,81,82,53,0,9,13,2023-03-03
positions,Ariana Grande,1,8207,0,1252563873,175,55,95,0,73,66,80,44,0,9,12,2020-10-23
psychofreak (feat. WILLOW),"Camila Cabello, Willow",2,918,0,75476209,24,0,52,0,63,45,64,34,0,9,8,2022-04-07
pushin P (feat. Young Thug),"Young Thug, Future, Gunna",3,3517,0,311395144,54,28,43,0,77,49,42,1,1,13,19,2022-01-07
sentaDONA (Remix) s2,"Lu��sa Sonza, MC Frog, Dj Gabriel do Borel, Davi K",4,870,0,176290831,32,0,49,0,93,77,45,25,0,13,27,2022-03-17
she's all i wanna be,Tate McRae,1,2711,0,343197054,105,12,51,0,61,65,64,1,0,12,4,2022-02-04
this is what falling in love feels like,JVKE,1,2005,0,346127840,16,5,43,0,42,33,44,62,0,8,6,2021-09-03
thought i was playing,"21 Savage, Gunna",2,807,0,60680939,3,0,5,0,68,29,73,0,0,7,7,2022-01-07
traitor,"Juan Cruz Toledo, Huilen Toledo",2,5257,6,1230855859,85,43,134,0,29,12,33,68,0,12,5,2021-05-21
un x100to,"Bad Bunny, Grupo Frontera",2,2876,40,505671438,41,205,54,12,57,56,72,23,0,27,5,2023-04-17
vampire,Olivia Rodrigo,1,1397,113,140003974,94,207,91,14,51,32,53,17,0,31,6,2023-06-30
we fell in love in october,girl in red,1,6858,0,723043854,31,21,15,0,57,24,37,11,18,16,3,2018-11-21
you broke me first,Tate McRae,1,6638,0,1180094974,167,19,318,0,64,8,37,79,0,9,5,2020-04-17
���98 Braves,Morgan Wallen,1,282,0,56533272,6,15,0,0,49,48,67,10,0,26,3,2023-03-03
���abcdefu,Gayle,1,7215,0,1007612429,170,12,575,18,70,42,54,30,0,37,5,2021-08-13
������������,YOASOBI,1,356,16,143573775,35,102,8,1,57,84,94,11,0,37,9,2023-04-12
���������������������,Fujii Kaze,1,685,14,403097450,24,94,9,0,60,52,76,17,0,19,5,2020-05-20
